{
	"credit": "Made with Blockbench",
	"textures": {
		"0": "block/crafting_table_top",
		"1": "block/cartography_table_top",
		"2": "block/fletching_table_top",
		"3": "block/loom_top",
		"4": "block/furnace_front",
		"5": "block/fletching_table_front",
		"6": "block/smithing_table_front",
		"7": "block/loom_front",
		"8": "block/crafting_table_side",
		"9": "block/fletching_table_side",
		"10": "block/furnace_side",
		"11": "block/barrel_top",
		"12": "block/cartography_table_side1",
		"13": "block/barrel_side",
		"14": "block/blast_furnace_front",
		"15": "block/cartography_table_side2",
		"16": "block/loom_side",
		"17": "block/smithing_table_side",
		"18": "block/blast_furnace_side",
		"19": "block/furnace_top",
		"20": "block/blast_furnace_top",
		"21": "block/smithing_table_bottom",
		"23": "item/feather",
		"particle": "block/crafting_table_top"
	},
	"elements": [
		{
			"from": [0, 0, 0],
			"to": [8, 8, 8],
			"faces": {
				"north": {"uv": [0, 0, 16, 16], "texture": "#6"},
				"east": {"uv": [0, 0, 16, 16], "texture": "#missing"},
				"south": {"uv": [0, 0, 16, 16], "texture": "#missing"},
				"west": {"uv": [0, 0, 16, 16], "texture": "#17"},
				"up": {"uv": [0, 0, 16, 16], "texture": "#missing"},
				"down": {"uv": [0, 0, 16, 16], "texture": "#21"}
			}
		},
		{
			"from": [0, 0, 8],
			"to": [8, 8, 16],
			"faces": {
				"north": {"uv": [0, 0, 16, 16], "texture": "#missing"},
				"east": {"uv": [0, 0, 16, 16], "texture": "#missing"},
				"south": {"uv": [0, 0, 16, 16], "texture": "#14"},
				"west": {"uv": [0, 0, 16, 16], "texture": "#18"},
				"up": {"uv": [0, 0, 16, 16], "texture": "#missing"},
				"down": {"uv": [0, 0, 16, 16], "texture": "#20"}
			}
		},
		{
			"from": [8, 0, 8],
			"to": [16, 8, 16],
			"faces": {
				"north": {"uv": [0, 0, 16, 16], "texture": "#missing"},
				"east": {"uv": [0, 0, 16, 16], "texture": "#11"},
				"south": {"uv": [0, 0, 16, 16], "texture": "#13"},
				"west": {"uv": [0, 0, 16, 16], "texture": "#missing"},
				"up": {"uv": [0, 0, 16, 16], "texture": "#missing"},
				"down": {"uv": [0, 0, 16, 16], "texture": "#13"}
			}
		},
		{
			"from": [8, 0, 0],
			"to": [16, 8, 8],
			"faces": {
				"north": {"uv": [0, 0, 16, 16], "texture": "#4"},
				"east": {"uv": [0, 0, 16, 16], "texture": "#10"},
				"south": {"uv": [0, 0, 16, 16], "texture": "#missing"},
				"west": {"uv": [0, 0, 16, 16], "texture": "#missing"},
				"up": {"uv": [0, 0, 16, 16], "texture": "#missing"},
				"down": {"uv": [0, 0, 16, 16], "texture": "#19"}
			}
		},
		{
			"from": [8, 8, 8],
			"to": [16, 16, 16],
			"faces": {
				"north": {"uv": [0, 0, 16, 16], "texture": "#missing"},
				"east": {"uv": [0, 0, 16, 16], "texture": "#8"},
				"south": {"uv": [0, 0, 16, 16], "texture": "#8"},
				"west": {"uv": [0, 0, 16, 16], "texture": "#missing"},
				"up": {"uv": [0, 0, 16, 16], "texture": "#0"},
				"down": {"uv": [0, 0, 16, 16], "texture": "#missing"}
			}
		},
		{
			"from": [8, 8, 0],
			"to": [16, 16, 8],
			"faces": {
				"north": {"uv": [0, 0, 16, 16], "texture": "#5"},
				"east": {"uv": [0, 0, 16, 16], "texture": "#9"},
				"south": {"uv": [0, 0, 16, 16], "texture": "#missing"},
				"west": {"uv": [0, 0, 16, 16], "texture": "#missing"},
				"up": {"uv": [0, 0, 16, 16], "texture": "#2"},
				"down": {"uv": [0, 0, 16, 16], "texture": "#missing"}
			}
		},
		{
			"from": [0, 8, 8],
			"to": [8, 16, 16],
			"faces": {
				"north": {"uv": [0, 0, 16, 16], "texture": "#missing"},
				"east": {"uv": [0, 0, 16, 16], "texture": "#missing"},
				"south": {"uv": [0, 0, 16, 16], "texture": "#12"},
				"west": {"uv": [0, 0, 16, 16], "texture": "#15"},
				"up": {"uv": [0, 0, 16, 16], "texture": "#1"},
				"down": {"uv": [0, 0, 16, 16], "texture": "#missing"}
			}
		},
		{
			"from": [0, 8, 0],
			"to": [8, 16, 8],
			"faces": {
				"north": {"uv": [0, 0, 16, 16], "texture": "#7"},
				"east": {"uv": [0, 0, 16, 16], "texture": "#missing"},
				"south": {"uv": [0, 0, 16, 16], "texture": "#missing"},
				"west": {"uv": [0, 0, 16, 16], "texture": "#16"},
				"up": {"uv": [0, 0, 16, 16], "texture": "#3"},
				"down": {"uv": [0, 0, 16, 16], "texture": "#missing"}
			}
		},
		{
			"from": [2, 18, 13],
			"to": [3, 19, 14],
			"rotation": {"angle": -22.5, "axis": "z", "origin": [0, 0, 0]},
			"faces": {
				"north": {"uv": [2.2, 13.2, 2.7, 13.8], "texture": "#23"},
				"east": {"uv": [2.2, 13.2, 2.7, 13.8], "texture": "#23"},
				"south": {"uv": [2.2, 13.2, 2.7, 13.8], "texture": "#23"},
				"west": {"uv": [2.2, 13.2, 2.7, 13.8], "texture": "#23"},
				"up": {"uv": [2.2, 13.2, 2.7, 13.8], "texture": "#23"},
				"down": {"uv": [2.2, 13.2, 2.7, 13.8], "texture": "#23"}
			}
		},
		{
			"from": [2, 18, 12],
			"to": [3, 19, 13],
			"rotation": {"angle": -22.5, "axis": "z", "origin": [0, 0, 0]},
			"faces": {
				"north": {"uv": [3.1, 13.2, 3.7, 13.5], "texture": "#23"},
				"east": {"uv": [3.1, 13.2, 3.7, 13.5], "texture": "#23"},
				"south": {"uv": [3.1, 13.2, 3.7, 13.5], "texture": "#23"},
				"west": {"uv": [3.1, 13.2, 3.7, 13.5], "texture": "#23"},
				"up": {"uv": [3, 13.2, 3.6, 13.8], "texture": "#23"},
				"down": {"uv": [3.1, 13.2, 3.7, 13.5], "texture": "#23"}
			}
		},
		{
			"from": [2, 18, 11],
			"to": [3, 19, 12],
			"rotation": {"angle": -22.5, "axis": "z", "origin": [0, 0, 0]},
			"faces": {
				"north": {"uv": [4, 13.3, 4.5, 13.6], "texture": "#23"},
				"east": {"uv": [4, 13.3, 4.5, 13.6], "texture": "#23"},
				"south": {"uv": [4, 13.3, 4.5, 13.6], "texture": "#23"},
				"west": {"uv": [4, 13.3, 4.5, 13.6], "texture": "#23"},
				"up": {"uv": [4, 13.3, 4.5, 13.6], "texture": "#23"},
				"down": {"uv": [4, 13.3, 4.5, 13.6], "texture": "#23"}
			}
		},
		{
			"from": [2, 18, 10],
			"to": [3, 19, 11],
			"rotation": {"angle": -22.5, "axis": "z", "origin": [0, 0, 0]},
			"faces": {
				"north": {"uv": [5.2, 13.2, 5.7, 13.7], "texture": "#23"},
				"east": {"uv": [5.2, 13.2, 5.7, 13.7], "texture": "#23"},
				"south": {"uv": [5.2, 13.2, 5.7, 13.7], "texture": "#23"},
				"west": {"uv": [5.2, 13.2, 5.7, 13.7], "texture": "#23"},
				"up": {"uv": [5.2, 13.2, 5.7, 13.7], "texture": "#23"},
				"down": {"uv": [5.2, 13.2, 5.7, 13.7], "texture": "#23"}
			}
		},
		{
			"from": [2, 18, 9],
			"to": [3, 19, 10],
			"rotation": {"angle": -22.5, "axis": "z", "origin": [0, 0, 0]},
			"faces": {
				"north": {"uv": [6.2, 8.1, 6.8, 8.6], "texture": "#23"},
				"east": {"uv": [6.2, 8.1, 6.8, 8.6], "texture": "#23"},
				"south": {"uv": [6.2, 8.1, 6.8, 8.6], "texture": "#23"},
				"west": {"uv": [6.2, 8.1, 6.8, 8.6], "texture": "#23"},
				"up": {"uv": [6.2, 8.1, 6.8, 8.6], "texture": "#23"},
				"down": {"uv": [6.2, 8.1, 6.8, 8.6], "texture": "#23"}
			}
		},
		{
			"from": [2, 18, 8],
			"to": [3, 19, 9],
			"rotation": {"angle": -22.5, "axis": "z", "origin": [0, 0, 0]},
			"faces": {
				"north": {"uv": [6.2, 9.8, 6.7, 10.2], "texture": "#23"},
				"east": {"uv": [6.2, 9.8, 6.7, 10.2], "texture": "#23"},
				"south": {"uv": [6.2, 9.8, 6.7, 10.2], "texture": "#23"},
				"west": {"uv": [6.2, 9.8, 6.7, 10.2], "texture": "#23"},
				"up": {"uv": [6.2, 9.8, 6.7, 10.2], "texture": "#23"},
				"down": {"uv": [6.2, 9.8, 6.7, 10.2], "texture": "#23"}
			}
		},
		{
			"from": [2, 18, 7],
			"to": [3, 19, 8],
			"rotation": {"angle": -22.5, "axis": "z", "origin": [0, 0, 0]},
			"faces": {
				"north": {"uv": [6.2, 8.1, 6.8, 8.6], "texture": "#23"},
				"east": {"uv": [6.2, 8.1, 6.8, 8.6], "texture": "#23"},
				"south": {"uv": [6.2, 8.1, 6.8, 8.6], "texture": "#23"},
				"west": {"uv": [6.2, 8.1, 6.8, 8.6], "texture": "#23"},
				"up": {"uv": [6.2, 8.1, 6.8, 8.6], "texture": "#23"},
				"down": {"uv": [6.2, 8.1, 6.8, 8.6], "texture": "#23"}
			}
		},
		{
			"from": [3, 18, 10],
			"to": [4, 19, 11],
			"rotation": {"angle": -22.5, "axis": "z", "origin": [0, 0, 0]},
			"faces": {
				"north": {"uv": [5.4, 14.1, 6, 14.7], "texture": "#23"},
				"east": {"uv": [5.4, 14.1, 6, 14.7], "texture": "#23"},
				"south": {"uv": [5.4, 14.1, 6, 14.7], "texture": "#23"},
				"west": {"uv": [5.4, 14.1, 6, 14.7], "texture": "#23"},
				"up": {"uv": [5.4, 14.1, 6, 14.7], "texture": "#23"},
				"down": {"uv": [5.4, 14.1, 6, 14.7], "texture": "#23"}
			}
		},
		{
			"from": [3, 18, 9],
			"to": [4, 19, 10],
			"rotation": {"angle": -22.5, "axis": "z", "origin": [0, 0, 0]},
			"faces": {
				"north": {"uv": [5.4, 14.1, 6, 14.7], "texture": "#23"},
				"east": {"uv": [5.4, 14.1, 6, 14.7], "texture": "#23"},
				"south": {"uv": [5.4, 14.1, 6, 14.7], "texture": "#23"},
				"west": {"uv": [5.4, 14.1, 6, 14.7], "texture": "#23"},
				"up": {"uv": [5.4, 14.1, 6, 14.7], "texture": "#23"},
				"down": {"uv": [5.4, 14.1, 6, 14.7], "texture": "#23"}
			}
		},
		{
			"from": [1, 18, 7],
			"to": [2, 19, 8],
			"rotation": {"angle": -22.5, "axis": "z", "origin": [0, 0, 0]},
			"faces": {
				"north": {"uv": [6.2, 9.8, 6.7, 10.2], "texture": "#23"},
				"east": {"uv": [6.2, 9.8, 6.7, 10.2], "texture": "#23"},
				"south": {"uv": [6.2, 9.8, 6.7, 10.2], "texture": "#23"},
				"west": {"uv": [6.2, 9.8, 6.7, 10.2], "texture": "#23"},
				"up": {"uv": [6.2, 9.8, 6.7, 10.2], "texture": "#23"},
				"down": {"uv": [6.2, 9.8, 6.7, 10.2], "texture": "#23"}
			}
		},
		{
			"from": [1, 18, 8],
			"to": [2, 19, 9],
			"rotation": {"angle": -22.5, "axis": "z", "origin": [0, 0, 0]},
			"faces": {
				"north": {"uv": [6.2, 8.1, 6.8, 8.6], "texture": "#23"},
				"east": {"uv": [6.2, 8.1, 6.8, 8.6], "texture": "#23"},
				"south": {"uv": [6.2, 8.1, 6.8, 8.6], "texture": "#23"},
				"west": {"uv": [6.2, 8.1, 6.8, 8.6], "texture": "#23"},
				"up": {"uv": [6.2, 8.1, 6.8, 8.6], "texture": "#23"},
				"down": {"uv": [6.2, 8.1, 6.8, 8.6], "texture": "#23"}
			}
		},
		{
			"from": [1, 18, 9],
			"to": [2, 19, 10],
			"rotation": {"angle": -22.5, "axis": "z", "origin": [0, 0, 0]},
			"faces": {
				"north": {"uv": [5.5, 12.2, 6, 12.8], "texture": "#23"},
				"east": {"uv": [5.5, 12.2, 6, 12.8], "texture": "#23"},
				"south": {"uv": [5.5, 12.2, 6, 12.8], "texture": "#23"},
				"west": {"uv": [5.5, 12.2, 6, 12.8], "texture": "#23"},
				"up": {"uv": [5.5, 12.2, 6, 12.8], "texture": "#23"},
				"down": {"uv": [5.5, 12.2, 6, 12.8], "texture": "#23"}
			}
		},
		{
			"from": [1, 18, 10],
			"to": [2, 19, 11],
			"rotation": {"angle": -22.5, "axis": "z", "origin": [0, 0, 0]},
			"faces": {
				"north": {"uv": [5.5, 12.2, 6, 12.8], "texture": "#23"},
				"east": {"uv": [5.5, 12.2, 6, 12.8], "texture": "#23"},
				"south": {"uv": [5.5, 12.2, 6, 12.8], "texture": "#23"},
				"west": {"uv": [5.5, 12.2, 6, 12.8], "texture": "#23"},
				"up": {"uv": [5.5, 12.2, 6, 12.8], "texture": "#23"},
				"down": {"uv": [5.5, 12.2, 6, 12.8], "texture": "#23"}
			}
		},
		{
			"from": [1, 18, 11],
			"to": [2, 19, 12],
			"rotation": {"angle": -22.5, "axis": "z", "origin": [0, 0, 0]},
			"faces": {
				"north": {"uv": [4.1, 12.2, 4.8, 12.8], "texture": "#23"},
				"east": {"uv": [4.1, 12.2, 4.8, 12.8], "texture": "#23"},
				"south": {"uv": [4.1, 12.2, 4.8, 12.8], "texture": "#23"},
				"west": {"uv": [4.1, 12.2, 4.8, 12.8], "texture": "#23"},
				"up": {"uv": [4.1, 12.2, 4.8, 12.8], "texture": "#23"},
				"down": {"uv": [4.1, 12.2, 4.8, 12.8], "texture": "#23"}
			}
		},
		{
			"from": [1, 18, 6],
			"to": [2, 19, 7],
			"rotation": {"angle": -22.5, "axis": "z", "origin": [0, 0, 0]},
			"faces": {
				"north": {"uv": [6.2, 8.1, 6.8, 8.6], "texture": "#23"},
				"east": {"uv": [6.2, 8.1, 6.8, 8.6], "texture": "#23"},
				"south": {"uv": [6.2, 8.1, 6.8, 8.6], "texture": "#23"},
				"west": {"uv": [6.2, 8.1, 6.8, 8.6], "texture": "#23"},
				"up": {"uv": [6.2, 8.1, 6.8, 8.6], "texture": "#23"},
				"down": {"uv": [6.2, 8.1, 6.8, 8.6], "texture": "#23"}
			}
		},
		{
			"from": [0, 18, 9],
			"to": [1, 19, 10],
			"rotation": {"angle": -22.5, "axis": "z", "origin": [0, 0, 0]},
			"faces": {
				"north": {"uv": [6.2, 8.1, 6.8, 8.6], "texture": "#23"},
				"east": {"uv": [6.2, 8.1, 6.8, 8.6], "texture": "#23"},
				"south": {"uv": [6.2, 8.1, 6.8, 8.6], "texture": "#23"},
				"west": {"uv": [6.2, 8.1, 6.8, 8.6], "texture": "#23"},
				"up": {"uv": [6.2, 8.1, 6.8, 8.6], "texture": "#23"},
				"down": {"uv": [6.2, 8.1, 6.8, 8.6], "texture": "#23"}
			}
		},
		{
			"from": [0, 18, 7],
			"to": [1, 19, 8],
			"rotation": {"angle": -22.5, "axis": "z", "origin": [0, 0, 0]},
			"faces": {
				"north": {"uv": [6.2, 9.8, 6.7, 10.2], "texture": "#23"},
				"east": {"uv": [6.2, 9.8, 6.7, 10.2], "texture": "#23"},
				"south": {"uv": [6.2, 9.8, 6.7, 10.2], "texture": "#23"},
				"west": {"uv": [6.2, 9.8, 6.7, 10.2], "texture": "#23"},
				"up": {"uv": [6.2, 9.8, 6.7, 10.2], "texture": "#23"},
				"down": {"uv": [6.2, 9.8, 6.7, 10.2], "texture": "#23"}
			}
		},
		{
			"from": [0, 18, 8],
			"to": [1, 19, 9],
			"rotation": {"angle": -22.5, "axis": "z", "origin": [0, 0, 0]},
			"faces": {
				"north": {"uv": [5.5, 12.2, 6, 12.8], "texture": "#23"},
				"east": {"uv": [5.5, 12.2, 6, 12.8], "texture": "#23"},
				"south": {"uv": [5.5, 12.2, 6, 12.8], "texture": "#23"},
				"west": {"uv": [5.5, 12.2, 6, 12.8], "texture": "#23"},
				"up": {"uv": [5.5, 12.2, 6, 12.8], "texture": "#23"},
				"down": {"uv": [5.5, 12.2, 6, 12.8], "texture": "#23"}
			}
		},
		{
			"from": [0, 18, 11],
			"to": [1, 19, 12],
			"rotation": {"angle": -22.5, "axis": "z", "origin": [0, 0, 0]},
			"faces": {
				"north": {"uv": [3.4, 11.2, 4.2, 11.8], "texture": "#23"},
				"east": {"uv": [3.4, 11.2, 4.2, 11.8], "texture": "#23"},
				"south": {"uv": [3.4, 11.2, 4.2, 11.8], "texture": "#23"},
				"west": {"uv": [3.4, 11.2, 4.2, 11.8], "texture": "#23"},
				"up": {"uv": [3.4, 11.2, 4.2, 11.8], "texture": "#23"},
				"down": {"uv": [3.4, 11.2, 4.2, 11.8], "texture": "#23"}
			}
		},
		{
			"from": [0, 18, 6],
			"to": [1, 19, 7],
			"rotation": {"angle": -22.5, "axis": "z", "origin": [0, 0, 0]},
			"faces": {
				"north": {"uv": [6.2, 9.8, 6.7, 10.2], "texture": "#23"},
				"east": {"uv": [6.2, 9.8, 6.7, 10.2], "texture": "#23"},
				"south": {"uv": [6.2, 9.8, 6.7, 10.2], "texture": "#23"},
				"west": {"uv": [6.2, 9.8, 6.7, 10.2], "texture": "#23"},
				"up": {"uv": [6.2, 9.8, 6.7, 10.2], "texture": "#23"},
				"down": {"uv": [6.2, 9.8, 6.7, 10.2], "texture": "#23"}
			}
		},
		{
			"from": [0, 18, 10],
			"to": [1, 19, 11],
			"rotation": {"angle": -22.5, "axis": "z", "origin": [0, 0, 0]},
			"faces": {
				"north": {"uv": [6.2, 9.8, 6.7, 10.2], "texture": "#23"},
				"east": {"uv": [6.2, 9.8, 6.7, 10.2], "texture": "#23"},
				"south": {"uv": [6.2, 9.8, 6.7, 10.2], "texture": "#23"},
				"west": {"uv": [6.2, 9.8, 6.7, 10.2], "texture": "#23"},
				"up": {"uv": [6.2, 9.8, 6.7, 10.2], "texture": "#23"},
				"down": {"uv": [6.2, 9.8, 6.7, 10.2], "texture": "#23"}
			}
		},
		{
			"from": [0, 18, 12],
			"to": [1, 19, 13],
			"rotation": {"angle": -22.5, "axis": "z", "origin": [0, 0, 0]},
			"faces": {
				"north": {"uv": [3.4, 11.2, 4.2, 11.8], "texture": "#23"},
				"east": {"uv": [3.4, 11.2, 4.2, 11.8], "texture": "#23"},
				"south": {"uv": [3.4, 11.2, 4.2, 11.8], "texture": "#23"},
				"west": {"uv": [3.4, 11.2, 4.2, 11.8], "texture": "#23"},
				"up": {"uv": [3.4, 11.2, 4.2, 11.8], "texture": "#23"},
				"down": {"uv": [3.4, 11.2, 4.2, 11.8], "texture": "#23"}
			}
		},
		{
			"from": [0, 18, 5],
			"to": [1, 19, 6],
			"rotation": {"angle": -22.5, "axis": "z", "origin": [0, 0, 0]},
			"faces": {
				"north": {"uv": [6.2, 9.8, 6.7, 10.2], "texture": "#23"},
				"east": {"uv": [6.2, 9.8, 6.7, 10.2], "texture": "#23"},
				"south": {"uv": [6.2, 9.8, 6.7, 10.2], "texture": "#23"},
				"west": {"uv": [6.2, 9.8, 6.7, 10.2], "texture": "#23"},
				"up": {"uv": [6.2, 9.8, 6.7, 10.2], "texture": "#23"},
				"down": {"uv": [6.2, 9.8, 6.7, 10.2], "texture": "#23"}
			}
		},
		{
			"from": [0, 18, 4],
			"to": [1, 19, 5],
			"rotation": {"angle": -22.5, "axis": "z", "origin": [0, 0, 0]},
			"faces": {
				"north": {"uv": [6.2, 8.1, 6.8, 8.6], "texture": "#23"},
				"east": {"uv": [6.2, 8.1, 6.8, 8.6], "texture": "#23"},
				"south": {"uv": [6.2, 8.1, 6.8, 8.6], "texture": "#23"},
				"west": {"uv": [6.2, 8.1, 6.8, 8.6], "texture": "#23"},
				"up": {"uv": [6.2, 8.1, 6.8, 8.6], "texture": "#23"},
				"down": {"uv": [6.2, 8.1, 6.8, 8.6], "texture": "#23"}
			}
		},
		{
			"from": [-1, 18, 10],
			"to": [0, 19, 11],
			"rotation": {"angle": -22.5, "axis": "z", "origin": [0, 0, 0]},
			"faces": {
				"north": {"uv": [6.2, 9.8, 6.7, 10.2], "texture": "#23"},
				"east": {"uv": [6.2, 9.8, 6.7, 10.2], "texture": "#23"},
				"south": {"uv": [6.2, 9.8, 6.7, 10.2], "texture": "#23"},
				"west": {"uv": [6.2, 9.8, 6.7, 10.2], "texture": "#23"},
				"up": {"uv": [6.2, 9.8, 6.7, 10.2], "texture": "#23"},
				"down": {"uv": [6.2, 9.8, 6.7, 10.2], "texture": "#23"}
			}
		},
		{
			"from": [-1, 18, 9],
			"to": [0, 19, 10],
			"rotation": {"angle": -22.5, "axis": "z", "origin": [0, 0, 0]},
			"faces": {
				"north": {"uv": [6.2, 9.8, 6.7, 10.2], "texture": "#23"},
				"east": {"uv": [6.2, 9.8, 6.7, 10.2], "texture": "#23"},
				"south": {"uv": [6.2, 9.8, 6.7, 10.2], "texture": "#23"},
				"west": {"uv": [6.2, 9.8, 6.7, 10.2], "texture": "#23"},
				"up": {"uv": [6.2, 9.8, 6.7, 10.2], "texture": "#23"},
				"down": {"uv": [6.2, 9.8, 6.7, 10.2], "texture": "#23"}
			}
		},
		{
			"from": [-1, 18, 8],
			"to": [0, 19, 9],
			"rotation": {"angle": -22.5, "axis": "z", "origin": [0, 0, 0]},
			"faces": {
				"north": {"uv": [6.2, 8.1, 6.8, 8.6], "texture": "#23"},
				"east": {"uv": [6.2, 8.1, 6.8, 8.6], "texture": "#23"},
				"south": {"uv": [6.2, 8.1, 6.8, 8.6], "texture": "#23"},
				"west": {"uv": [6.2, 8.1, 6.8, 8.6], "texture": "#23"},
				"up": {"uv": [6.2, 8.1, 6.8, 8.6], "texture": "#23"},
				"down": {"uv": [6.2, 8.1, 6.8, 8.6], "texture": "#23"}
			}
		},
		{
			"from": [-1, 18, 7],
			"to": [0, 19, 8],
			"rotation": {"angle": -22.5, "axis": "z", "origin": [0, 0, 0]},
			"faces": {
				"north": {"uv": [5.5, 12.2, 6, 12.8], "texture": "#23"},
				"east": {"uv": [5.5, 12.2, 6, 12.8], "texture": "#23"},
				"south": {"uv": [5.5, 12.2, 6, 12.8], "texture": "#23"},
				"west": {"uv": [5.5, 12.2, 6, 12.8], "texture": "#23"},
				"up": {"uv": [5.5, 12.2, 6, 12.8], "texture": "#23"},
				"down": {"uv": [5.5, 12.2, 6, 12.8], "texture": "#23"}
			}
		},
		{
			"from": [-1, 18, 6],
			"to": [0, 19, 7],
			"rotation": {"angle": -22.5, "axis": "z", "origin": [0, 0, 0]},
			"faces": {
				"north": {"uv": [6.1, 11.3, 6.7, 11.9], "texture": "#23"},
				"east": {"uv": [6.1, 11.3, 6.7, 11.9], "texture": "#23"},
				"south": {"uv": [6.1, 11.3, 6.7, 11.9], "texture": "#23"},
				"west": {"uv": [6.1, 11.3, 6.7, 11.9], "texture": "#23"},
				"up": {"uv": [6.1, 11.3, 6.7, 11.9], "texture": "#23"},
				"down": {"uv": [6.1, 11.3, 6.7, 11.9], "texture": "#23"}
			}
		},
		{
			"from": [-1, 18, 5],
			"to": [0, 19, 6],
			"rotation": {"angle": -22.5, "axis": "z", "origin": [0, 0, 0]},
			"faces": {
				"north": {"uv": [6.2, 8.1, 6.8, 8.6], "texture": "#23"},
				"east": {"uv": [6.2, 8.1, 6.8, 8.6], "texture": "#23"},
				"south": {"uv": [6.2, 8.1, 6.8, 8.6], "texture": "#23"},
				"west": {"uv": [6.2, 8.1, 6.8, 8.6], "texture": "#23"},
				"up": {"uv": [6.2, 8.1, 6.8, 8.6], "texture": "#23"},
				"down": {"uv": [6.2, 8.1, 6.8, 8.6], "texture": "#23"}
			}
		},
		{
			"from": [-2, 18, 10],
			"to": [-1, 19, 11],
			"rotation": {"angle": -22.5, "axis": "z", "origin": [0, 0, 0]},
			"faces": {
				"north": {"uv": [6.1, 11.3, 6.7, 11.9], "texture": "#23"},
				"east": {"uv": [6.1, 11.3, 6.7, 11.9], "texture": "#23"},
				"south": {"uv": [6.1, 11.3, 6.7, 11.9], "texture": "#23"},
				"west": {"uv": [6.1, 11.3, 6.7, 11.9], "texture": "#23"},
				"up": {"uv": [6.1, 11.3, 6.7, 11.9], "texture": "#23"},
				"down": {"uv": [6.1, 11.3, 6.7, 11.9], "texture": "#23"}
			}
		},
		{
			"from": [-2, 18, 9],
			"to": [-1, 19, 10],
			"rotation": {"angle": -22.5, "axis": "z", "origin": [0, 0, 0]},
			"faces": {
				"north": {"uv": [6.2, 9.8, 6.7, 10.2], "texture": "#23"},
				"east": {"uv": [6.2, 9.8, 6.7, 10.2], "texture": "#23"},
				"south": {"uv": [6.2, 9.8, 6.7, 10.2], "texture": "#23"},
				"west": {"uv": [6.2, 9.8, 6.7, 10.2], "texture": "#23"},
				"up": {"uv": [6.2, 9.8, 6.7, 10.2], "texture": "#23"},
				"down": {"uv": [6.2, 9.8, 6.7, 10.2], "texture": "#23"}
			}
		},
		{
			"from": [-2, 18, 8],
			"to": [-1, 19, 9],
			"rotation": {"angle": -22.5, "axis": "z", "origin": [0, 0, 0]},
			"faces": {
				"north": {"uv": [6.2, 8.1, 6.8, 8.6], "texture": "#23"},
				"east": {"uv": [6.2, 8.1, 6.8, 8.6], "texture": "#23"},
				"south": {"uv": [6.2, 8.1, 6.8, 8.6], "texture": "#23"},
				"west": {"uv": [6.2, 8.1, 6.8, 8.6], "texture": "#23"},
				"up": {"uv": [6.2, 8.1, 6.8, 8.6], "texture": "#23"},
				"down": {"uv": [6.2, 8.1, 6.8, 8.6], "texture": "#23"}
			}
		},
		{
			"from": [-2, 18, 7],
			"to": [-1, 19, 8],
			"rotation": {"angle": -22.5, "axis": "z", "origin": [0, 0, 0]},
			"faces": {
				"north": {"uv": [6.2, 8.1, 6.8, 8.6], "texture": "#23"},
				"east": {"uv": [6.2, 8.1, 6.8, 8.6], "texture": "#23"},
				"south": {"uv": [6.2, 8.1, 6.8, 8.6], "texture": "#23"},
				"west": {"uv": [6.2, 8.1, 6.8, 8.6], "texture": "#23"},
				"up": {"uv": [6.2, 8.1, 6.8, 8.6], "texture": "#23"},
				"down": {"uv": [6.2, 8.1, 6.8, 8.6], "texture": "#23"}
			}
		},
		{
			"from": [-2, 18, 6],
			"to": [-1, 19, 7],
			"rotation": {"angle": -22.5, "axis": "z", "origin": [0, 0, 0]},
			"faces": {
				"north": {"uv": [5.5, 12.2, 6, 12.8], "texture": "#23"},
				"east": {"uv": [5.5, 12.2, 6, 12.8], "texture": "#23"},
				"south": {"uv": [5.5, 12.2, 6, 12.8], "texture": "#23"},
				"west": {"uv": [5.5, 12.2, 6, 12.8], "texture": "#23"},
				"up": {"uv": [5.5, 12.2, 6, 12.8], "texture": "#23"},
				"down": {"uv": [5.5, 12.2, 6, 12.8], "texture": "#23"}
			}
		},
		{
			"from": [-2, 18, 5],
			"to": [-1, 19, 6],
			"rotation": {"angle": -22.5, "axis": "z", "origin": [0, 0, 0]},
			"faces": {
				"north": {"uv": [6.2, 8.1, 6.8, 8.6], "texture": "#23"},
				"east": {"uv": [6.2, 8.1, 6.8, 8.6], "texture": "#23"},
				"south": {"uv": [6.2, 8.1, 6.8, 8.6], "texture": "#23"},
				"west": {"uv": [6.2, 8.1, 6.8, 8.6], "texture": "#23"},
				"up": {"uv": [6.2, 8.1, 6.8, 8.6], "texture": "#23"},
				"down": {"uv": [6.2, 8.1, 6.8, 8.6], "texture": "#23"}
			}
		},
		{
			"from": [-3, 18, 9],
			"to": [-2, 19, 10],
			"rotation": {"angle": -22.5, "axis": "z", "origin": [0, 0, 0]},
			"faces": {
				"north": {"uv": [6.3, 8.1, 6.9, 8.6], "texture": "#23"},
				"east": {"uv": [6.3, 8.1, 6.9, 8.6], "texture": "#23"},
				"south": {"uv": [6.3, 8.1, 6.9, 8.6], "texture": "#23"},
				"west": {"uv": [6.3, 8.1, 6.9, 8.6], "texture": "#23"},
				"up": {"uv": [6.3, 8.1, 6.9, 8.6], "texture": "#23"},
				"down": {"uv": [6.3, 8.1, 6.9, 8.6], "texture": "#23"}
			}
		},
		{
			"from": [-2, 18, 4],
			"to": [-1, 19, 5],
			"rotation": {"angle": -22.5, "axis": "z", "origin": [0, 0, 0]},
			"faces": {
				"north": {"uv": [6.2, 9.8, 6.7, 10.2], "texture": "#23"},
				"east": {"uv": [6.2, 9.8, 6.7, 10.2], "texture": "#23"},
				"south": {"uv": [6.2, 9.8, 6.7, 10.2], "texture": "#23"},
				"west": {"uv": [6.2, 9.8, 6.7, 10.2], "texture": "#23"},
				"up": {"uv": [6.2, 9.8, 6.7, 10.2], "texture": "#23"},
				"down": {"uv": [6.2, 9.8, 6.7, 10.2], "texture": "#23"}
			}
		},
		{
			"from": [-2, 18, 3],
			"to": [-1, 19, 4],
			"rotation": {"angle": -22.5, "axis": "z", "origin": [0, 0, 0]},
			"faces": {
				"north": {"uv": [6.2, 8.1, 6.8, 8.6], "texture": "#23"},
				"east": {"uv": [6.2, 8.1, 6.8, 8.6], "texture": "#23"},
				"south": {"uv": [6.2, 8.1, 6.8, 8.6], "texture": "#23"},
				"west": {"uv": [6.2, 8.1, 6.8, 8.6], "texture": "#23"},
				"up": {"uv": [6.2, 8.1, 6.8, 8.6], "texture": "#23"},
				"down": {"uv": [6.2, 8.1, 6.8, 8.6], "texture": "#23"}
			}
		},
		{
			"from": [-4, 18, 7],
			"to": [-3, 19, 8],
			"rotation": {"angle": -22.5, "axis": "z", "origin": [0, 0, 0]},
			"faces": {
				"north": {"uv": [6.2, 8.1, 6.8, 8.6], "texture": "#23"},
				"east": {"uv": [6.2, 8.1, 6.8, 8.6], "texture": "#23"},
				"south": {"uv": [6.2, 8.1, 6.8, 8.6], "texture": "#23"},
				"west": {"uv": [6.2, 8.1, 6.8, 8.6], "texture": "#23"},
				"up": {"uv": [6.2, 8.1, 6.8, 8.6], "texture": "#23"},
				"down": {"uv": [6.2, 8.1, 6.8, 8.6], "texture": "#23"}
			}
		},
		{
			"from": [-4, 18, 6],
			"to": [-3, 19, 7],
			"rotation": {"angle": -22.5, "axis": "z", "origin": [0, 0, 0]},
			"faces": {
				"north": {"uv": [6.2, 9.8, 6.7, 10.2], "texture": "#23"},
				"east": {"uv": [6.2, 9.8, 6.7, 10.2], "texture": "#23"},
				"south": {"uv": [6.2, 9.8, 6.7, 10.2], "texture": "#23"},
				"west": {"uv": [6.2, 9.8, 6.7, 10.2], "texture": "#23"},
				"up": {"uv": [6.2, 9.8, 6.7, 10.2], "texture": "#23"},
				"down": {"uv": [6.2, 9.8, 6.7, 10.2], "texture": "#23"}
			}
		},
		{
			"from": [-4, 18, 5],
			"to": [-3, 19, 6],
			"rotation": {"angle": -22.5, "axis": "z", "origin": [0, 0, 0]},
			"faces": {
				"north": {"uv": [6.1, 11.3, 6.7, 11.9], "texture": "#23"},
				"east": {"uv": [6.1, 11.3, 6.7, 11.9], "texture": "#23"},
				"south": {"uv": [6.1, 11.3, 6.7, 11.9], "texture": "#23"},
				"west": {"uv": [6.1, 11.3, 6.7, 11.9], "texture": "#23"},
				"up": {"uv": [6.1, 11.3, 6.7, 11.9], "texture": "#23"},
				"down": {"uv": [6.1, 11.3, 6.7, 11.9], "texture": "#23"}
			}
		},
		{
			"from": [-4, 18, 4],
			"to": [-3, 19, 5],
			"rotation": {"angle": -22.5, "axis": "z", "origin": [0, 0, 0]},
			"faces": {
				"north": {"uv": [5.5, 12.2, 6, 12.8], "texture": "#23"},
				"east": {"uv": [5.5, 12.2, 6, 12.8], "texture": "#23"},
				"south": {"uv": [5.5, 12.2, 6, 12.8], "texture": "#23"},
				"west": {"uv": [5.5, 12.2, 6, 12.8], "texture": "#23"},
				"up": {"uv": [5.5, 12.2, 6, 12.8], "texture": "#23"},
				"down": {"uv": [5.5, 12.2, 6, 12.8], "texture": "#23"}
			}
		},
		{
			"from": [-4, 18, 3],
			"to": [-3, 19, 4],
			"rotation": {"angle": -22.5, "axis": "z", "origin": [0, 0, 0]},
			"faces": {
				"north": {"uv": [6.2, 8.1, 6.8, 8.6], "texture": "#23"},
				"east": {"uv": [6.2, 8.1, 6.8, 8.6], "texture": "#23"},
				"south": {"uv": [6.2, 8.1, 6.8, 8.6], "texture": "#23"},
				"west": {"uv": [6.2, 8.1, 6.8, 8.6], "texture": "#23"},
				"up": {"uv": [6.2, 8.1, 6.8, 8.6], "texture": "#23"},
				"down": {"uv": [6.2, 8.1, 6.8, 8.6], "texture": "#23"}
			}
		},
		{
			"from": [-3, 18, 7],
			"to": [-2, 19, 8],
			"rotation": {"angle": -22.5, "axis": "z", "origin": [0, 0, 0]},
			"faces": {
				"north": {"uv": [6.2, 9.8, 6.7, 10.2], "texture": "#23"},
				"east": {"uv": [6.2, 9.8, 6.7, 10.2], "texture": "#23"},
				"south": {"uv": [6.2, 9.8, 6.7, 10.2], "texture": "#23"},
				"west": {"uv": [6.2, 9.8, 6.7, 10.2], "texture": "#23"},
				"up": {"uv": [6.2, 9.8, 6.7, 10.2], "texture": "#23"},
				"down": {"uv": [6.2, 9.8, 6.7, 10.2], "texture": "#23"}
			}
		},
		{
			"from": [-3, 18, 6],
			"to": [-2, 19, 7],
			"rotation": {"angle": -22.5, "axis": "z", "origin": [0, 0, 0]},
			"faces": {
				"north": {"uv": [6.2, 8.1, 6.8, 8.6], "texture": "#23"},
				"east": {"uv": [6.2, 8.1, 6.8, 8.6], "texture": "#23"},
				"south": {"uv": [6.2, 8.1, 6.8, 8.6], "texture": "#23"},
				"west": {"uv": [6.2, 8.1, 6.8, 8.6], "texture": "#23"},
				"up": {"uv": [6.2, 8.1, 6.8, 8.6], "texture": "#23"},
				"down": {"uv": [6.2, 8.1, 6.8, 8.6], "texture": "#23"}
			}
		},
		{
			"from": [-3, 18, 5],
			"to": [-2, 19, 6],
			"rotation": {"angle": -22.5, "axis": "z", "origin": [0, 0, 0]},
			"faces": {
				"north": {"uv": [5.5, 12.2, 6, 12.8], "texture": "#23"},
				"east": {"uv": [5.5, 12.2, 6, 12.8], "texture": "#23"},
				"south": {"uv": [5.5, 12.2, 6, 12.8], "texture": "#23"},
				"west": {"uv": [5.5, 12.2, 6, 12.8], "texture": "#23"},
				"up": {"uv": [5.5, 12.2, 6, 12.8], "texture": "#23"},
				"down": {"uv": [5.5, 12.2, 6, 12.8], "texture": "#23"}
			}
		},
		{
			"from": [-3, 18, 4],
			"to": [-2, 19, 5],
			"rotation": {"angle": -22.5, "axis": "z", "origin": [0, 0, 0]},
			"faces": {
				"north": {"uv": [6.2, 8.1, 6.8, 8.6], "texture": "#23"},
				"east": {"uv": [6.2, 8.1, 6.8, 8.6], "texture": "#23"},
				"south": {"uv": [6.2, 8.1, 6.8, 8.6], "texture": "#23"},
				"west": {"uv": [6.2, 8.1, 6.8, 8.6], "texture": "#23"},
				"up": {"uv": [6.2, 8.1, 6.8, 8.6], "texture": "#23"},
				"down": {"uv": [6.2, 8.1, 6.8, 8.6], "texture": "#23"}
			}
		},
		{
			"from": [-3, 18, 3],
			"to": [-2, 19, 4],
			"rotation": {"angle": -22.5, "axis": "z", "origin": [0, 0, 0]},
			"faces": {
				"north": {"uv": [6.2, 9.8, 6.7, 10.2], "texture": "#23"},
				"east": {"uv": [6.2, 9.8, 6.7, 10.2], "texture": "#23"},
				"south": {"uv": [6.2, 9.8, 6.7, 10.2], "texture": "#23"},
				"west": {"uv": [6.2, 9.8, 6.7, 10.2], "texture": "#23"},
				"up": {"uv": [6.2, 9.8, 6.7, 10.2], "texture": "#23"},
				"down": {"uv": [6.2, 9.8, 6.7, 10.2], "texture": "#23"}
			}
		},
		{
			"from": [-3, 18, 2],
			"to": [-2, 19, 3],
			"rotation": {"angle": -22.5, "axis": "z", "origin": [0, 0, 0]},
			"faces": {
				"north": {"uv": [6.2, 8.1, 6.8, 8.6], "texture": "#23"},
				"east": {"uv": [6.2, 8.1, 6.8, 8.6], "texture": "#23"},
				"south": {"uv": [6.2, 8.1, 6.8, 8.6], "texture": "#23"},
				"west": {"uv": [6.2, 8.1, 6.8, 8.6], "texture": "#23"},
				"up": {"uv": [6.2, 8.1, 6.8, 8.6], "texture": "#23"},
				"down": {"uv": [6.2, 8.1, 6.8, 8.6], "texture": "#23"}
			}
		},
		{
			"from": [-5, 18, 5],
			"to": [-4, 19, 6],
			"rotation": {"angle": -22.5, "axis": "z", "origin": [0, 0, 0]},
			"faces": {
				"north": {"uv": [6.2, 8.1, 6.8, 8.6], "texture": "#23"},
				"east": {"uv": [6.2, 8.1, 6.8, 8.6], "texture": "#23"},
				"south": {"uv": [6.2, 8.1, 6.8, 8.6], "texture": "#23"},
				"west": {"uv": [6.2, 8.1, 6.8, 8.6], "texture": "#23"},
				"up": {"uv": [6.2, 8.1, 6.8, 8.6], "texture": "#23"},
				"down": {"uv": [6.2, 8.1, 6.8, 8.6], "texture": "#23"}
			}
		},
		{
			"from": [-5, 18, 4],
			"to": [-4, 19, 5],
			"rotation": {"angle": -22.5, "axis": "z", "origin": [0, 0, 0]},
			"faces": {
				"north": {"uv": [5.5, 12.2, 6, 12.8], "texture": "#23"},
				"east": {"uv": [5.5, 12.2, 6, 12.8], "texture": "#23"},
				"south": {"uv": [5.5, 12.2, 6, 12.8], "texture": "#23"},
				"west": {"uv": [5.5, 12.2, 6, 12.8], "texture": "#23"},
				"up": {"uv": [5.5, 12.2, 6, 12.8], "texture": "#23"},
				"down": {"uv": [5.5, 12.2, 6, 12.8], "texture": "#23"}
			}
		},
		{
			"from": [-5, 18, 2],
			"to": [-4, 19, 3],
			"rotation": {"angle": -22.5, "axis": "z", "origin": [0, 0, 0]},
			"faces": {
				"north": {"uv": [6.2, 8.1, 6.8, 8.6], "texture": "#23"},
				"east": {"uv": [6.2, 8.1, 6.8, 8.6], "texture": "#23"},
				"south": {"uv": [6.2, 8.1, 6.8, 8.6], "texture": "#23"},
				"west": {"uv": [6.2, 8.1, 6.8, 8.6], "texture": "#23"},
				"up": {"uv": [6.2, 8.1, 6.8, 8.6], "texture": "#23"},
				"down": {"uv": [6.2, 8.1, 6.8, 8.6], "texture": "#23"}
			}
		},
		{
			"from": [-6, 18, 5],
			"to": [-5, 19, 6],
			"rotation": {"angle": -22.5, "axis": "z", "origin": [0, 0, 0]},
			"faces": {
				"north": {"uv": [6.2, 8.1, 6.8, 8.6], "texture": "#23"},
				"east": {"uv": [6.2, 8.1, 6.8, 8.6], "texture": "#23"},
				"south": {"uv": [6.2, 8.1, 6.8, 8.6], "texture": "#23"},
				"west": {"uv": [6.2, 8.1, 6.8, 8.6], "texture": "#23"},
				"up": {"uv": [6.2, 8.1, 6.8, 8.6], "texture": "#23"},
				"down": {"uv": [6.2, 8.1, 6.8, 8.6], "texture": "#23"}
			}
		},
		{
			"from": [-6, 18, 4],
			"to": [-5, 19, 5],
			"rotation": {"angle": -22.5, "axis": "z", "origin": [0, 0, 0]},
			"faces": {
				"north": {"uv": [6.2, 9.8, 6.7, 10.2], "texture": "#23"},
				"east": {"uv": [6.2, 9.8, 6.7, 10.2], "texture": "#23"},
				"south": {"uv": [6.2, 9.8, 6.7, 10.2], "texture": "#23"},
				"west": {"uv": [6.2, 9.8, 6.7, 10.2], "texture": "#23"},
				"up": {"uv": [6.2, 9.8, 6.7, 10.2], "texture": "#23"},
				"down": {"uv": [6.2, 9.8, 6.7, 10.2], "texture": "#23"}
			}
		},
		{
			"from": [-6, 18, 2],
			"to": [-5, 19, 3],
			"rotation": {"angle": -22.5, "axis": "z", "origin": [0, 0, 0]},
			"faces": {
				"north": {"uv": [6.2, 9.8, 6.7, 10.2], "texture": "#23"},
				"east": {"uv": [6.2, 9.8, 6.7, 10.2], "texture": "#23"},
				"south": {"uv": [6.2, 9.8, 6.7, 10.2], "texture": "#23"},
				"west": {"uv": [6.2, 9.8, 6.7, 10.2], "texture": "#23"},
				"up": {"uv": [6.2, 9.8, 6.7, 10.2], "texture": "#23"},
				"down": {"uv": [6.2, 9.8, 6.7, 10.2], "texture": "#23"}
			}
		},
		{
			"from": [-6, 18, 3],
			"to": [-5, 19, 4],
			"rotation": {"angle": -22.5, "axis": "z", "origin": [0, 0, 0]},
			"faces": {
				"north": {"uv": [5.5, 12.2, 6, 12.8], "texture": "#23"},
				"east": {"uv": [5.5, 12.2, 6, 12.8], "texture": "#23"},
				"south": {"uv": [5.5, 12.2, 6, 12.8], "texture": "#23"},
				"west": {"uv": [5.5, 12.2, 6, 12.8], "texture": "#23"},
				"up": {"uv": [5.5, 12.2, 6, 12.8], "texture": "#23"},
				"down": {"uv": [5.5, 12.2, 6, 12.8], "texture": "#23"}
			}
		},
		{
			"from": [-5, 18, 3],
			"to": [-4, 19, 4],
			"rotation": {"angle": -22.5, "axis": "z", "origin": [0, 0, 0]},
			"faces": {
				"north": {"uv": [6.1, 11.3, 6.7, 11.9], "texture": "#23"},
				"east": {"uv": [6.1, 11.3, 6.7, 11.9], "texture": "#23"},
				"south": {"uv": [6.1, 11.3, 6.7, 11.9], "texture": "#23"},
				"west": {"uv": [6.1, 11.3, 6.7, 11.9], "texture": "#23"},
				"up": {"uv": [6.1, 11.3, 6.7, 11.9], "texture": "#23"},
				"down": {"uv": [6.1, 11.3, 6.7, 11.9], "texture": "#23"}
			}
		},
		{
			"from": [-6, 18, 1],
			"to": [-5, 19, 2],
			"rotation": {"angle": -22.5, "axis": "z", "origin": [0, 0, 0]},
			"faces": {
				"north": {"uv": [6.2, 8.1, 6.8, 8.6], "texture": "#23"},
				"east": {"uv": [6.2, 8.1, 6.8, 8.6], "texture": "#23"},
				"south": {"uv": [6.2, 8.1, 6.8, 8.6], "texture": "#23"},
				"west": {"uv": [6.2, 8.1, 6.8, 8.6], "texture": "#23"},
				"up": {"uv": [6.2, 8.1, 6.8, 8.6], "texture": "#23"},
				"down": {"uv": [6.2, 8.1, 6.8, 8.6], "texture": "#23"}
			}
		},
		{
			"from": [-7, 18, 4],
			"to": [-6, 19, 5],
			"rotation": {"angle": -22.5, "axis": "z", "origin": [0, 0, 0]},
			"faces": {
				"north": {"uv": [6.2, 8.1, 6.8, 8.6], "texture": "#23"},
				"east": {"uv": [6.2, 8.1, 6.8, 8.6], "texture": "#23"},
				"south": {"uv": [6.2, 8.1, 6.8, 8.6], "texture": "#23"},
				"west": {"uv": [6.2, 8.1, 6.8, 8.6], "texture": "#23"},
				"up": {"uv": [6.2, 8.1, 6.8, 8.6], "texture": "#23"},
				"down": {"uv": [6.2, 8.1, 6.8, 8.6], "texture": "#23"}
			}
		},
		{
			"from": [-7, 18, 3],
			"to": [-6, 19, 4],
			"rotation": {"angle": -22.5, "axis": "z", "origin": [0, 0, 0]},
			"faces": {
				"north": {"uv": [5.5, 12.2, 6, 12.8], "texture": "#23"},
				"east": {"uv": [5.5, 12.2, 6, 12.8], "texture": "#23"},
				"south": {"uv": [5.5, 12.2, 6, 12.8], "texture": "#23"},
				"west": {"uv": [5.5, 12.2, 6, 12.8], "texture": "#23"},
				"up": {"uv": [5.5, 12.2, 6, 12.8], "texture": "#23"},
				"down": {"uv": [5.5, 12.2, 6, 12.8], "texture": "#23"}
			}
		},
		{
			"from": [-7, 18, 2],
			"to": [-6, 19, 3],
			"rotation": {"angle": -22.5, "axis": "z", "origin": [0, 0, 0]},
			"faces": {
				"north": {"uv": [6.2, 9.8, 6.7, 10.2], "texture": "#23"},
				"east": {"uv": [6.2, 9.8, 6.7, 10.2], "texture": "#23"},
				"south": {"uv": [6.2, 9.8, 6.7, 10.2], "texture": "#23"},
				"west": {"uv": [6.2, 9.8, 6.7, 10.2], "texture": "#23"},
				"up": {"uv": [6.2, 9.8, 6.7, 10.2], "texture": "#23"},
				"down": {"uv": [6.2, 9.8, 6.7, 10.2], "texture": "#23"}
			}
		},
		{
			"from": [-8, 18, 3],
			"to": [-7, 19, 4],
			"rotation": {"angle": -22.5, "axis": "z", "origin": [0, 0, 0]},
			"faces": {
				"north": {"uv": [6.2, 8.1, 6.8, 8.6], "texture": "#23"},
				"east": {"uv": [6.2, 8.1, 6.8, 8.6], "texture": "#23"},
				"south": {"uv": [6.2, 8.1, 6.8, 8.6], "texture": "#23"},
				"west": {"uv": [6.2, 8.1, 6.8, 8.6], "texture": "#23"},
				"up": {"uv": [6.2, 8.1, 6.8, 8.6], "texture": "#23"},
				"down": {"uv": [6.2, 8.1, 6.8, 8.6], "texture": "#23"}
			}
		},
		{
			"from": [-8, 18, 2],
			"to": [-7, 19, 3],
			"rotation": {"angle": -22.5, "axis": "z", "origin": [0, 0, 0]},
			"faces": {
				"north": {"uv": [6.2, 8.1, 6.8, 8.6], "texture": "#23"},
				"east": {"uv": [6.2, 8.1, 6.8, 8.6], "texture": "#23"},
				"south": {"uv": [6.2, 8.1, 6.8, 8.6], "texture": "#23"},
				"west": {"uv": [6.2, 8.1, 6.8, 8.6], "texture": "#23"},
				"up": {"uv": [6.2, 8.1, 6.8, 8.6], "texture": "#23"},
				"down": {"uv": [6.2, 8.1, 6.8, 8.6], "texture": "#23"}
			}
		},
		{
			"from": [-9, 18, 3],
			"to": [-8, 19, 4],
			"rotation": {"angle": -22.5, "axis": "z", "origin": [0, 0, 0]},
			"faces": {
				"north": {"uv": [6.2, 8.1, 6.8, 8.6], "texture": "#23"},
				"east": {"uv": [6.2, 8.1, 6.8, 8.6], "texture": "#23"},
				"south": {"uv": [6.2, 8.1, 6.8, 8.6], "texture": "#23"},
				"west": {"uv": [6.2, 8.1, 6.8, 8.6], "texture": "#23"},
				"up": {"uv": [6.2, 8.1, 6.8, 8.6], "texture": "#23"},
				"down": {"uv": [6.2, 8.1, 6.8, 8.6], "texture": "#23"}
			}
		}
	],
	"display": {
		"thirdperson_righthand": {
			"rotation": [64, 48, 0],
			"translation": [0, 2, -1],
			"scale": [0.25, 0.25, 0.25]
		},
		"thirdperson_lefthand": {
			"rotation": [64, 48, 0],
			"translation": [0, 2, -1],
			"scale": [0.25, 0.25, 0.25]
		},
		"fixed": {
			"rotation": [-90, 0, 0],
			"translation": [0, 0, 16],
			"scale": [2.1, 2.1, 2.1]
		}
	},
	"groups": [
		0,
		1,
		2,
		3,
		4,
		5,
		6,
		7,
		{
			"name": "feather",
			"origin": [0, 0, 0],
			"color": 0,
			"children": [8, 9, 10, 11, 12, 13, 14, 15, 16, 17, 18, 19, 20, 21, 22, 23, 24, 25, 26, 27, 28, 29, 30, 31, 32, 33, 34, 35, 36, 37, 38, 39, 40, 41, 42, 43, 44, 45, 46, 47, 48, 49, 50, 51, 52, 53, 54, 55, 56, 57, 58, 59, 60, 61, 62, 63, 64, 65, 66, 67, 68, 69, 70, 71, 72]
		}
	]
}