{
    "credit": "Made with Blockbench",
    "textures": {
        "0": "item/earth_rod",
        "particle": "item/earth_rod"
    },
    "elements": [{
            "from": [6, -16, -14],
            "to": [10, -14, -12],
            "faces": {
                "north": { "uv": [0, 0, 4, 2], "texture": "#0" },
                "east": { "uv": [0, 1.6, 1.6, 3.2], "texture": "#0" },
                "south": { "uv": [2.4, 0.8, 4, 1.6], "texture": "#0" },
                "west": { "uv": [1.6, 1.6, 3.2, 3.2], "texture": "#0" },
                "up": { "uv": [0, 0, 4, 2], "texture": "#0" },
                "down": { "uv": [0, 0.08, 3.2, 1.6], "texture": "#0" }
            }
        },
        {
            "from": [6, -14, -16],
            "to": [10, -12, -14],
            "faces": {
                "north": { "uv": [0, 0, 3.2, 1.6], "texture": "#0" },
                "east": { "uv": [1.6, 0, 3.2, 1.52], "texture": "#0" },
                "south": { "uv": [0, 0, 4, 2], "texture": "#0" },
                "west": { "uv": [0, 0, 1.6, 1.6], "texture": "#0" },
                "up": { "uv": [2.4, 0, 4, 1.6], "texture": "#0" },
                "down": { "uv": [0, 0, 4, 2], "texture": "#0" }
            }
        },
        {
            "from": [6, -14, -14],
            "to": [10, -12, -12],
            "faces": {
                "north": { "uv": [0, 0, 4, 2], "texture": "#0" },
                "east": { "uv": [0, 0, 1.6, 1.6], "texture": "#0" },
                "south": { "uv": [2.4, 0, 4, 0.8], "texture": "#0" },
                "west": { "uv": [1.6, 0, 3.2, 1.6], "texture": "#0" },
                "up": { "uv": [2.4, 0, 4, 0.8], "texture": "#0" },
                "down": { "uv": [0, 0, 4, 2], "texture": "#0" }
            }
        },
        {
            "from": [7, -12, -14],
            "to": [9, -10, -12],
            "faces": {
                "north": { "uv": [0, 14.4, 0.76, 15.16], "texture": "#0" },
                "east": { "uv": [0, 14.4, 0.72, 15.2], "texture": "#0" },
                "south": { "uv": [0, 0, 2, 2], "texture": "#0" },
                "west": { "uv": [0, 14.4, 0.8, 15.2], "texture": "#0" },
                "up": { "uv": [0, 14.4, 0.8, 15.12], "texture": "#0" },
                "down": { "uv": [0, 14.4, 0.8, 15.2], "texture": "#0" }
            }
        },
        {
            "from": [7, -12, -12],
            "to": [9, -10, -10],
            "faces": {
                "north": { "uv": [0, 0, 2, 2], "texture": "#0" },
                "east": { "uv": [0.8, 14.4, 1.6, 15.2], "texture": "#0" },
                "south": { "uv": [0, 0, 2, 2], "texture": "#0" },
                "west": { "uv": [0.8, 14.4, 1.6, 15.2], "texture": "#0" },
                "up": { "uv": [0, 0, 2, 2], "texture": "#0" },
                "down": { "uv": [0, 0, 2, 2], "texture": "#0" }
            }
        },
        {
            "from": [7, -14, -12],
            "to": [9, -12, -10],
            "faces": {
                "north": { "uv": [0, 0, 2, 2], "texture": "#0" },
                "east": { "uv": [0.8, 15.2, 1.6, 16], "texture": "#0" },
                "south": { "uv": [0.8, 15.2, 1.6, 16], "texture": "#0" },
                "west": { "uv": [0.8, 15.2, 1.6, 16], "texture": "#0" },
                "up": { "uv": [0, 0, 2, 2], "texture": "#0" },
                "down": { "uv": [0.8, 15.2, 1.6, 16], "texture": "#0" }
            }
        },
        {
            "from": [7, -12, -10],
            "to": [9, -10, -8],
            "faces": {
                "north": { "uv": [0, 0, 2, 2], "texture": "#0" },
                "east": { "uv": [2.4, 13.6, 2.96, 14.24], "texture": "#0" },
                "south": { "uv": [2.48, 13.68, 3.04, 14.16], "texture": "#0" },
                "west": { "uv": [2.4, 13.6, 3.12, 14.16], "texture": "#0" },
                "up": { "uv": [0, 0, 2, 2], "texture": "#0" },
                "down": { "uv": [2.4, 13.6, 3.12, 14.32], "texture": "#0" }
            }
        },
        {
            "from": [7, -10, -10],
            "to": [9, -8, -8],
            "faces": {
                "north": { "uv": [0, 0, 2, 2], "texture": "#0" },
                "east": { "uv": [1.6, 13.6, 2, 14], "texture": "#0" },
                "south": { "uv": [0, 0, 2, 2], "texture": "#0" },
                "west": { "uv": [1.6, 13.6, 2.4, 14.4], "texture": "#0" },
                "up": { "uv": [0, 0, 2, 2], "texture": "#0" },
                "down": { "uv": [0, 0, 2, 2], "texture": "#0" }
            }
        },
        {
            "from": [7, -10, -12],
            "to": [9, -8, -10],
            "faces": {
                "north": { "uv": [0, 14.4, 0.72, 15.12], "texture": "#0" },
                "east": { "uv": [0, 14.48, 0.72, 14.88], "texture": "#0" },
                "south": { "uv": [0, 0, 2, 2], "texture": "#0" },
                "west": { "uv": [0, 14.4, 0.4, 14.8], "texture": "#0" },
                "up": { "uv": [0, 14.48, 0.64, 15.04], "texture": "#0" },
                "down": { "uv": [0, 0, 2, 2], "texture": "#0" }
            }
        },
        {
            "from": [7, -10, -8],
            "to": [9, -8, -6],
            "faces": {
                "north": { "uv": [0, 0, 2, 2], "texture": "#0" },
                "east": { "uv": [3.2, 12.8, 3.92, 13.52], "texture": "#0" },
                "south": { "uv": [3.2, 12.8, 3.84, 13.44], "texture": "#0" },
                "west": { "uv": [3.2, 12.8, 3.84, 13.44], "texture": "#0" },
                "up": { "uv": [0, 0, 2, 2], "texture": "#0" },
                "down": { "uv": [3.2, 12.8, 3.84, 13.44], "texture": "#0" }
            }
        },
        {
            "from": [7, -8, -10],
            "to": [9, -6, -8],
            "faces": {
                "north": { "uv": [0.8, 13.6, 1.52, 14.32], "texture": "#0" },
                "east": { "uv": [0.8, 13.6, 1.52, 14.24], "texture": "#0" },
                "south": { "uv": [0, 0, 2, 2], "texture": "#0" },
                "west": { "uv": [0.8, 13.6, 1.36, 14.24], "texture": "#0" },
                "up": { "uv": [0.8, 13.6, 1.52, 14.24], "texture": "#0" },
                "down": { "uv": [0, 0, 2, 2], "texture": "#0" }
            }
        },
        {
            "from": [7, -8, -8],
            "to": [9, -6, -6],
            "faces": {
                "north": { "uv": [0, 0, 2, 2], "texture": "#0" },
                "east": { "uv": [2.4, 12.8, 2.8, 13.2], "texture": "#0" },
                "south": { "uv": [0, 0, 2, 2], "texture": "#0" },
                "west": { "uv": [2.4, 12.8, 3.2, 13.6], "texture": "#0" },
                "up": { "uv": [0, 0, 2, 2], "texture": "#0" },
                "down": { "uv": [0, 0, 2, 2], "texture": "#0" }
            }
        },
        {
            "from": [6, -16, -16],
            "to": [10, -14, -14],
            "faces": {
                "north": { "uv": [0, 1.6, 3.2, 3.2], "texture": "#0" },
                "east": { "uv": [1.6, 1.6, 3.2, 3.2], "texture": "#0" },
                "south": { "uv": [0, 0, 4, 2], "texture": "#0" },
                "west": { "uv": [0, 1.6, 1.6, 3.2], "texture": "#0" },
                "up": { "uv": [0, 0, 4, 2], "texture": "#0" },
                "down": { "uv": [0, 1.6, 3.2, 3.2], "texture": "#0" }
            }
        },
        {
            "from": [7, 2, 2],
            "to": [9, 4, 4],
            "faces": {
                "north": { "uv": [8, 7.2, 8.64, 7.84], "texture": "#0" },
                "east": { "uv": [8, 7.2, 8.64, 7.84], "texture": "#0" },
                "south": { "uv": [8, 7.2, 8.64, 7.84], "texture": "#0" },
                "west": { "uv": [8, 7.2, 8.64, 7.84], "texture": "#0" },
                "up": { "uv": [8, 7.2, 8.64, 7.84], "texture": "#0" },
                "down": { "uv": [8, 7.2, 8.64, 7.84], "texture": "#0" }
            }
        },
        {
            "from": [7, 4, 4],
            "to": [9, 6, 6],
            "faces": {
                "north": { "uv": [8.8, 6.4, 9.44, 7.04], "texture": "#0" },
                "east": { "uv": [8.8, 6.4, 9.44, 7.04], "texture": "#0" },
                "south": { "uv": [8.8, 6.4, 9.44, 7.04], "texture": "#0" },
                "west": { "uv": [8.8, 6.4, 9.44, 7.04], "texture": "#0" },
                "up": { "uv": [8.8, 6.4, 9.44, 7.04], "texture": "#0" },
                "down": { "uv": [8.8, 6.4, 9.44, 7.04], "texture": "#0" }
            }
        },
        {
            "from": [6, 6, 6],
            "to": [10, 8, 8],
            "faces": {
                "north": { "uv": [9.68, 5.68, 10.32, 6.16], "texture": "#0" },
                "east": { "uv": [9.68, 5.68, 10.4, 6.16], "texture": "#0" },
                "south": { "uv": [9.68, 5.68, 10.4, 6.16], "texture": "#0" },
                "west": { "uv": [9.68, 5.68, 10.4, 6.16], "texture": "#0" },
                "up": { "uv": [9.68, 5.68, 10.32, 6.16], "texture": "#0" },
                "down": { "uv": [9.68, 5.68, 10.4, 6.16], "texture": "#0" }
            }
        },
        {
            "from": [6, 6, 8],
            "to": [10, 8, 10],
            "faces": {
                "north": { "uv": [10.48, 5.68, 10.96, 6.24], "texture": "#0" },
                "east": { "uv": [10.48, 5.68, 10.96, 6.24], "texture": "#0" },
                "south": { "uv": [10.48, 5.68, 10.96, 6.24], "texture": "#0" },
                "west": { "uv": [10.48, 5.68, 10.96, 6.24], "texture": "#0" },
                "up": { "uv": [10.48, 5.68, 10.96, 6.24], "texture": "#0" },
                "down": { "uv": [10.48, 5.68, 10.96, 6.24], "texture": "#0" }
            }
        },
        {
            "from": [6, 6, 10],
            "to": [10, 8, 12],
            "faces": {
                "north": { "uv": [11.28, 5.76, 11.76, 6.24], "texture": "#0" },
                "east": { "uv": [11.28, 5.76, 11.76, 6.24], "texture": "#0" },
                "south": { "uv": [11.28, 5.76, 11.76, 6.24], "texture": "#0" },
                "west": { "uv": [11.28, 5.76, 11.76, 6.24], "texture": "#0" },
                "up": { "uv": [11.28, 5.76, 11.76, 6.24], "texture": "#0" },
                "down": { "uv": [11.28, 5.76, 11.76, 6.24], "texture": "#0" }
            }
        },
        {
            "from": [6, 8, 6],
            "to": [10, 10, 8],
            "faces": {
                "north": { "uv": [9.6, 4.8, 10.32, 5.52], "texture": "#0" },
                "east": { "uv": [9.6, 4.8, 10.32, 5.52], "texture": "#0" },
                "south": { "uv": [9.6, 4.8, 10.32, 5.52], "texture": "#0" },
                "west": { "uv": [9.6, 4.8, 10.32, 5.52], "texture": "#0" },
                "up": { "uv": [9.6, 4.8, 10.32, 5.52], "texture": "#0" },
                "down": { "uv": [9.6, 4.8, 10.32, 5.52], "texture": "#0" }
            }
        },
        {
            "from": [6, 10, 6],
            "to": [10, 12, 8],
            "faces": {
                "north": { "uv": [9.68, 4.08, 10.16, 4.64], "texture": "#0" },
                "east": { "uv": [9.68, 4.08, 10.16, 4.64], "texture": "#0" },
                "south": { "uv": [9.68, 4.08, 10.16, 4.64], "texture": "#0" },
                "west": { "uv": [9.68, 4.08, 10.16, 4.64], "texture": "#0" },
                "up": { "uv": [9.68, 4.08, 10.16, 4.64], "texture": "#0" },
                "down": { "uv": [9.68, 4.08, 10.16, 4.64], "texture": "#0" }
            }
        },
        {
            "from": [6, 8, 8],
            "to": [10, 10, 10],
            "faces": {
                "north": { "uv": [10.48, 4.88, 10.96, 5.36], "texture": "#0" },
                "east": { "uv": [10.48, 4.88, 10.96, 5.36], "texture": "#0" },
                "south": { "uv": [10.48, 4.88, 10.96, 5.36], "texture": "#0" },
                "west": { "uv": [10.48, 4.88, 10.96, 5.36], "texture": "#0" },
                "up": { "uv": [10.48, 4.88, 10.96, 5.36], "texture": "#0" },
                "down": { "uv": [10.48, 4.88, 10.96, 5.36], "texture": "#0" }
            }
        },
        {
            "from": [6, 8, 10],
            "to": [10, 10, 12],
            "faces": {
                "north": { "uv": [11.2, 4.8, 11.76, 5.44], "texture": "#0" },
                "east": { "uv": [11.2, 4.8, 11.76, 5.44], "texture": "#0" },
                "south": { "uv": [11.2, 4.8, 11.76, 5.44], "texture": "#0" },
                "west": { "uv": [11.2, 4.8, 11.76, 5.44], "texture": "#0" },
                "up": { "uv": [11.2, 4.8, 11.76, 5.44], "texture": "#0" },
                "down": { "uv": [11.2, 4.8, 11.76, 5.44], "texture": "#0" }
            }
        },
        {
            "from": [6, 10, 10],
            "to": [10, 12, 12],
            "faces": {
                "north": { "uv": [11.36, 4.08, 11.76, 4.56], "texture": "#0" },
                "east": { "uv": [11.36, 4.08, 11.84, 4.56], "texture": "#0" },
                "south": { "uv": [11.36, 4.08, 11.76, 4.56], "texture": "#0" },
                "west": { "uv": [11.36, 4.08, 11.84, 4.56], "texture": "#0" },
                "up": { "uv": [11.36, 4.08, 11.76, 4.56], "texture": "#0" },
                "down": { "uv": [11.36, 4.08, 11.76, 4.56], "texture": "#0" }
            }
        },
        {
            "from": [6, 10, 12],
            "to": [10, 12, 14],
            "faces": {
                "north": { "uv": [12, 4, 12.56, 4.56], "texture": "#0" },
                "east": { "uv": [12, 4, 12.64, 4.56], "texture": "#0" },
                "south": { "uv": [12, 4, 12.56, 4.56], "texture": "#0" },
                "west": { "uv": [12, 4, 12.64, 4.56], "texture": "#0" },
                "up": { "uv": [12, 4, 12.56, 4.56], "texture": "#0" },
                "down": { "uv": [12, 4, 12.56, 4.56], "texture": "#0" }
            }
        },
        {
            "from": [6, 12, 12],
            "to": [10, 14, 14],
            "faces": {
                "north": { "uv": [12.24, 3.36, 12.64, 3.68], "texture": "#0" },
                "east": { "uv": [12.24, 3.36, 12.72, 3.68], "texture": "#0" },
                "south": { "uv": [12.24, 3.36, 12.64, 3.68], "texture": "#0" },
                "west": { "uv": [12.24, 3.36, 12.72, 3.68], "texture": "#0" },
                "up": { "uv": [12.24, 3.36, 12.64, 3.68], "texture": "#0" },
                "down": { "uv": [12.24, 3.36, 12.64, 3.68], "texture": "#0" }
            }
        },
        {
            "from": [7, 15, 15],
            "to": [9, 17, 17],
            "faces": {
                "north": { "uv": [12.8, 2.4, 13.52, 3.12], "texture": "#0" },
                "east": { "uv": [12.8, 2.4, 13.52, 3.12], "texture": "#0" },
                "south": { "uv": [12.8, 2.4, 13.52, 3.12], "texture": "#0" },
                "west": { "uv": [12.8, 2.4, 13.52, 3.12], "texture": "#0" },
                "up": { "uv": [12.8, 2.4, 13.52, 3.12], "texture": "#0" },
                "down": { "uv": [12.8, 2.4, 13.52, 3.12], "texture": "#0" }
            }
        },
        {
            "from": [6, 8, 12],
            "to": [10, 10, 14],
            "faces": {
                "north": { "uv": [12.08, 4.88, 12.48, 5.28], "texture": "#0" },
                "east": { "uv": [12.08, 4.88, 12.48, 5.28], "texture": "#0" },
                "south": { "uv": [12.08, 4.88, 12.48, 5.28], "texture": "#0" },
                "west": { "uv": [12.08, 4.88, 12.48, 5.28], "texture": "#0" },
                "up": { "uv": [12.08, 4.88, 12.48, 5.28], "texture": "#0" },
                "down": { "uv": [12.08, 4.88, 12.48, 5.28], "texture": "#0" }
            }
        },
        {
            "from": [6, 12, 10],
            "to": [10, 14, 12],
            "faces": {
                "north": { "uv": [11.2, 3.36, 11.76, 3.84], "texture": "#0" },
                "east": { "uv": [11.2, 3.36, 11.84, 3.84], "texture": "#0" },
                "south": { "uv": [11.2, 3.36, 11.76, 3.84], "texture": "#0" },
                "west": { "uv": [11.2, 3.36, 11.84, 3.84], "texture": "#0" },
                "up": { "uv": [11.2, 3.36, 11.76, 3.84], "texture": "#0" },
                "down": { "uv": [11.2, 3.36, 11.76, 3.84], "texture": "#0" }
            }
        },
        {
            "from": [6, 12, 8],
            "to": [10, 14, 10],
            "faces": {
                "north": { "uv": [10.48, 3.28, 10.88, 3.84], "texture": "#0" },
                "east": { "uv": [10.48, 3.28, 11.04, 3.84], "texture": "#0" },
                "south": { "uv": [10.48, 3.28, 10.88, 3.84], "texture": "#0" },
                "west": { "uv": [10.48, 3.28, 11.04, 3.84], "texture": "#0" },
                "up": { "uv": [10.48, 3.28, 10.88, 3.84], "texture": "#0" },
                "down": { "uv": [10.48, 3.28, 10.88, 3.84], "texture": "#0" }
            }
        },
        {
            "from": [6, 10, 8],
            "to": [10, 12, 10],
            "faces": {
                "north": { "uv": [10.48, 4.16, 10.88, 4.48], "texture": "#0" },
                "east": { "uv": [10.48, 4.16, 11.04, 4.48], "texture": "#0" },
                "south": { "uv": [10.48, 4.16, 10.88, 4.48], "texture": "#0" },
                "west": { "uv": [10.48, 4.16, 11.04, 4.48], "texture": "#0" },
                "up": { "uv": [10.48, 4.16, 10.88, 4.48], "texture": "#0" },
                "down": { "uv": [10.48, 4.16, 11.04, 4.48], "texture": "#0" }
            }
        },
        {
            "from": [7, -6, -4],
            "to": [9, -4, -2],
            "faces": {
                "north": { "uv": [0, 0, 2, 2], "texture": "#0" },
                "east": { "uv": [4.8, 11.2, 5.52, 11.84], "texture": "#0" },
                "south": { "uv": [4.8, 11.2, 5.2, 11.68], "texture": "#0" },
                "west": { "uv": [4.8, 11.2, 5.44, 11.84], "texture": "#0" },
                "up": { "uv": [0, 0, 2, 2], "texture": "#0" },
                "down": { "uv": [4.8, 11.2, 5.6, 12], "texture": "#0" }
            }
        },
        {
            "from": [7, -6, -6],
            "to": [9, -4, -4],
            "faces": {
                "north": { "uv": [0, 0, 2, 2], "texture": "#0" },
                "east": { "uv": [4.8, 10.4, 5.44, 11.04], "texture": "#0" },
                "south": { "uv": [0, 0, 2, 2], "texture": "#0" },
                "west": { "uv": [4.8, 10.4, 5.52, 11.12], "texture": "#0" },
                "up": { "uv": [0, 0, 2, 2], "texture": "#0" },
                "down": { "uv": [0, 0, 2, 2], "texture": "#0" }
            }
        },
        {
            "from": [7, -6, -8],
            "to": [9, -4, -6],
            "faces": {
                "north": { "uv": [2.4, 12, 3.12, 12.64], "texture": "#0" },
                "east": { "uv": [2.4, 12, 3.04, 12.64], "texture": "#0" },
                "south": { "uv": [0, 0, 2, 2], "texture": "#0" },
                "west": { "uv": [2.4, 12, 2.8, 12.4], "texture": "#0" },
                "up": { "uv": [2.4, 12, 3.12, 12.64], "texture": "#0" },
                "down": { "uv": [2.4, 12, 3.12, 12.72], "texture": "#0" }
            }
        },
        {
            "from": [7, -8, -6],
            "to": [9, -6, -4],
            "faces": {
                "north": { "uv": [0, 0, 2, 2], "texture": "#0" },
                "east": { "uv": [4, 12, 4.72, 12.64], "texture": "#0" },
                "south": { "uv": [4, 12, 4.64, 12.56], "texture": "#0" },
                "west": { "uv": [4, 12, 4.64, 12.64], "texture": "#0" },
                "up": { "uv": [0, 0, 2, 2], "texture": "#0" },
                "down": { "uv": [4, 12, 4.72, 12.64], "texture": "#0" }
            }
        },
        {
            "from": [7, -4, -6],
            "to": [9, -2, -4],
            "faces": {
                "north": { "uv": [4, 10.4, 4.56, 11.04], "texture": "#0" },
                "east": { "uv": [4, 10.4, 4.56, 11.04], "texture": "#0" },
                "south": { "uv": [0, 0, 2, 2], "texture": "#0" },
                "west": { "uv": [4, 10.4, 4.64, 11.12], "texture": "#0" },
                "up": { "uv": [4, 10.4, 4.64, 11.04], "texture": "#0" },
                "down": { "uv": [0, 0, 2, 2], "texture": "#0" }
            }
        },
        {
            "from": [7, -4, -4],
            "to": [9, -2, -2],
            "faces": {
                "north": { "uv": [0, 0, 2, 2], "texture": "#0" },
                "east": { "uv": [5.6, 9.6, 6.24, 10.24], "texture": "#0" },
                "south": { "uv": [0, 0, 2, 2], "texture": "#0" },
                "west": { "uv": [5.6, 9.6, 6.32, 10.4], "texture": "#0" },
                "up": { "uv": [0, 0, 2, 2], "texture": "#0" },
                "down": { "uv": [0, 0, 2, 2], "texture": "#0" }
            }
        },
        {
            "from": [7, -2, -4],
            "to": [9, 0, -2],
            "faces": {
                "north": { "uv": [4.8, 9.6, 5.28, 10.24], "texture": "#0" },
                "east": { "uv": [4.8, 9.6, 5.44, 10.16], "texture": "#0" },
                "south": { "uv": [0, 0, 2, 2], "texture": "#0" },
                "west": { "uv": [4.8, 9.6, 5.44, 10.24], "texture": "#0" },
                "up": { "uv": [4.8, 9.6, 5.44, 10.24], "texture": "#0" },
                "down": { "uv": [0, 0, 2, 2], "texture": "#0" }
            }
        },
        {
            "from": [7, -2, -2],
            "to": [9, 0, 0],
            "faces": {
                "north": { "uv": [0, 0, 2, 2], "texture": "#0" },
                "east": { "uv": [6.4, 8.8, 6.8, 9.2], "texture": "#0" },
                "south": { "uv": [0, 0, 2, 2], "texture": "#0" },
                "west": { "uv": [6.4, 8.8, 7.12, 9.52], "texture": "#0" },
                "up": { "uv": [0, 0, 2, 2], "texture": "#0" },
                "down": { "uv": [0, 0, 2, 2], "texture": "#0" }
            }
        },
        {
            "from": [7, -4, -2],
            "to": [9, -2, 0],
            "faces": {
                "north": { "uv": [0, 0, 2, 2], "texture": "#0" },
                "east": { "uv": [5.6, 10.4, 6.24, 10.96], "texture": "#0" },
                "south": { "uv": [5.6, 10.4, 6.4, 11.12], "texture": "#0" },
                "west": { "uv": [5.6, 10.4, 6.24, 11.04], "texture": "#0" },
                "up": { "uv": [0, 0, 2, 2], "texture": "#0" },
                "down": { "uv": [5.6, 10.4, 6.08, 10.88], "texture": "#0" }
            }
        },
        {
            "from": [7, -2, 0],
            "to": [9, 0, 2],
            "faces": {
                "north": { "uv": [0, 0, 2, 2], "texture": "#0" },
                "east": { "uv": [7.2, 8.8, 7.84, 9.44], "texture": "#0" },
                "south": { "uv": [7.2, 8.8, 8, 9.52], "texture": "#0" },
                "west": { "uv": [7.2, 8.8, 7.84, 9.44], "texture": "#0" },
                "up": { "uv": [0, 0, 2, 2], "texture": "#0" },
                "down": { "uv": [7.2, 8.8, 7.44, 9.12], "texture": "#0" }
            }
        },
        {
            "from": [7, 0, 0],
            "to": [9, 2, 2],
            "faces": {
                "north": { "uv": [7.2, 8, 7.92, 8.72], "texture": "#0" },
                "east": { "uv": [7.2, 8, 7.92, 8.72], "texture": "#0" },
                "south": { "uv": [7.2, 8, 7.92, 8.72], "texture": "#0" },
                "west": { "uv": [7.2, 8, 7.92, 8.72], "texture": "#0" },
                "up": { "uv": [7.2, 8, 7.92, 8.72], "texture": "#0" },
                "down": { "uv": [7.2, 8, 7.92, 8.72], "texture": "#0" }
            }
        },
        {
            "from": [7, 0, -2],
            "to": [9, 2, 0],
            "faces": {
                "north": { "uv": [5.6, 8.8, 6.24, 9.44], "texture": "#0" },
                "east": { "uv": [5.6, 8.8, 6.24, 9.44], "texture": "#0" },
                "south": { "uv": [0, 0, 2, 2], "texture": "#0" },
                "west": { "uv": [5.6, 8.8, 6.24, 9.44], "texture": "#0" },
                "up": { "uv": [5.6, 8.8, 6.32, 9.44], "texture": "#0" },
                "down": { "uv": [0, 0, 2, 2], "texture": "#0" }
            }
        },
        {
            "from": [7, 0, 2],
            "to": [9, 2, 4],
            "faces": {
                "north": { "uv": [8, 8, 8.64, 8.72], "texture": "#0" },
                "east": { "uv": [8, 8, 8.64, 8.72], "texture": "#0" },
                "south": { "uv": [8, 8, 8.64, 8.72], "texture": "#0" },
                "west": { "uv": [8, 8, 8.64, 8.72], "texture": "#0" },
                "up": { "uv": [8, 8, 8.64, 8.72], "texture": "#0" },
                "down": { "uv": [8, 8, 8.64, 8.72], "texture": "#0" }
            }
        },
        {
            "from": [7, 0, 4],
            "to": [9, 2, 6],
            "faces": {
                "north": { "uv": [8.8, 8, 9.52, 8.64], "texture": "#0" },
                "east": { "uv": [8.8, 8, 9.52, 8.64], "texture": "#0" },
                "south": { "uv": [8.8, 8, 9.52, 8.64], "texture": "#0" },
                "west": { "uv": [8.8, 8, 9.52, 8.64], "texture": "#0" },
                "up": { "uv": [8.8, 8, 9.52, 8.64], "texture": "#0" },
                "down": { "uv": [8.8, 8, 9.52, 8.64], "texture": "#0" }
            }
        },
        {
            "from": [7, 0, 6],
            "to": [9, 2, 8],
            "faces": {
                "north": { "uv": [9.6, 8.08, 10.16, 8.64], "texture": "#0" },
                "east": { "uv": [9.6, 8.08, 10.16, 8.64], "texture": "#0" },
                "south": { "uv": [9.6, 8.08, 10.16, 8.64], "texture": "#0" },
                "west": { "uv": [9.6, 8.08, 10.16, 8.64], "texture": "#0" },
                "up": { "uv": [9.6, 8.08, 10.16, 8.64], "texture": "#0" },
                "down": { "uv": [9.6, 8.08, 10.16, 8.64], "texture": "#0" }
            }
        },
        {
            "from": [7, 0, 8],
            "to": [9, 2, 10],
            "faces": {
                "north": { "uv": [10.48, 8, 11.12, 8.64], "texture": "#0" },
                "east": { "uv": [10.48, 8, 11.12, 8.64], "texture": "#0" },
                "south": { "uv": [10.48, 8, 11.12, 8.64], "texture": "#0" },
                "west": { "uv": [10.48, 8, 11.12, 8.64], "texture": "#0" },
                "up": { "uv": [10.48, 8, 11.12, 8.64], "texture": "#0" },
                "down": { "uv": [10.48, 8, 11.12, 8.64], "texture": "#0" }
            }
        },
        {
            "from": [7, -2, 10],
            "to": [9, 0, 12],
            "faces": {
                "north": { "uv": [11.2, 8.8, 12, 9.6], "texture": "#0" },
                "east": { "uv": [0, 0, 2, 2], "texture": "#0" },
                "south": { "uv": [11.2, 8.8, 12, 9.6], "texture": "#0" },
                "west": { "uv": [11.2, 8.8, 12, 9.6], "texture": "#0" },
                "up": { "uv": [11.2, 8.8, 12, 9.6], "texture": "#0" },
                "down": { "uv": [11.2, 8.8, 12, 9.6], "texture": "#0" }
            }
        },
        {
            "from": [7, 2, 10],
            "to": [9, 4, 12],
            "faces": {
                "north": { "uv": [11.28, 7.2, 11.92, 7.84], "texture": "#0" },
                "east": { "uv": [11.28, 7.2, 11.92, 7.84], "texture": "#0" },
                "south": { "uv": [11.28, 7.2, 11.92, 7.84], "texture": "#0" },
                "west": { "uv": [11.28, 7.2, 11.92, 7.84], "texture": "#0" },
                "up": { "uv": [11.28, 7.2, 11.92, 7.84], "texture": "#0" },
                "down": { "uv": [11.28, 7.2, 11.92, 7.84], "texture": "#0" }
            }
        },
        {
            "from": [7, 4, 12],
            "to": [9, 6, 14],
            "faces": {
                "north": { "uv": [12.08, 6.4, 12.64, 7.04], "texture": "#0" },
                "east": { "uv": [12.08, 6.4, 12.64, 7.04], "texture": "#0" },
                "south": { "uv": [12.08, 6.4, 12.64, 7.04], "texture": "#0" },
                "west": { "uv": [12.08, 6.4, 12.64, 7.04], "texture": "#0" },
                "up": { "uv": [12.08, 6.4, 12.64, 7.04], "texture": "#0" },
                "down": { "uv": [12.08, 6.4, 12.64, 7.04], "texture": "#0" }
            }
        },
        {
            "from": [7, 2, 0],
            "to": [9, 4, 2],
            "faces": {
                "north": { "uv": [7.28, 7.2, 7.84, 7.84], "texture": "#0" },
                "east": { "uv": [7.28, 7.2, 7.84, 7.84], "texture": "#0" },
                "south": { "uv": [7.28, 7.2, 7.84, 7.84], "texture": "#0" },
                "west": { "uv": [7.28, 7.2, 7.84, 7.84], "texture": "#0" },
                "up": { "uv": [7.28, 7.2, 7.84, 7.84], "texture": "#0" },
                "down": { "uv": [7.28, 7.2, 7.84, 7.84], "texture": "#0" }
            }
        },
        {
            "from": [7, 4, 0],
            "to": [9, 6, 2],
            "faces": {
                "north": { "uv": [7.2, 6.4, 7.92, 7.12], "texture": "#0" },
                "east": { "uv": [7.2, 6.4, 7.92, 7.12], "texture": "#0" },
                "south": { "uv": [7.2, 6.4, 7.92, 7.12], "texture": "#0" },
                "west": { "uv": [7.2, 6.4, 7.92, 7.12], "texture": "#0" },
                "up": { "uv": [7.2, 6.4, 7.92, 7.12], "texture": "#0" },
                "down": { "uv": [7.2, 6.4, 7.92, 7.12], "texture": "#0" }
            }
        },
        {
            "from": [7, 6, 0],
            "to": [9, 8, 2],
            "faces": {
                "north": { "uv": [7.28, 5.68, 7.92, 6.32], "texture": "#0" },
                "east": { "uv": [7.28, 5.68, 7.92, 6.32], "texture": "#0" },
                "south": { "uv": [7.28, 5.68, 7.92, 6.32], "texture": "#0" },
                "west": { "uv": [7.28, 5.68, 7.92, 6.32], "texture": "#0" },
                "up": { "uv": [7.28, 5.68, 7.92, 6.32], "texture": "#0" },
                "down": { "uv": [7.28, 5.68, 7.92, 6.32], "texture": "#0" }
            }
        },
        {
            "from": [7, 8, 0],
            "to": [9, 10, 2],
            "faces": {
                "north": { "uv": [7.28, 4.8, 7.92, 5.44], "texture": "#0" },
                "east": { "uv": [7.28, 4.8, 7.92, 5.44], "texture": "#0" },
                "south": { "uv": [7.28, 4.8, 7.92, 5.44], "texture": "#0" },
                "west": { "uv": [7.28, 4.8, 7.92, 5.44], "texture": "#0" },
                "up": { "uv": [7.28, 4.8, 7.92, 5.44], "texture": "#0" },
                "down": { "uv": [7.28, 4.8, 7.92, 5.44], "texture": "#0" }
            }
        },
        {
            "from": [7, 10, 2],
            "to": [9, 12, 4],
            "faces": {
                "north": { "uv": [8, 4.08, 8.64, 4.64], "texture": "#0" },
                "east": { "uv": [8, 4.08, 8.64, 4.64], "texture": "#0" },
                "south": { "uv": [8, 4.08, 8.64, 4.64], "texture": "#0" },
                "west": { "uv": [8, 4.08, 8.64, 4.64], "texture": "#0" },
                "up": { "uv": [8, 4.08, 8.64, 4.64], "texture": "#0" },
                "down": { "uv": [8, 4.08, 8.64, 4.64], "texture": "#0" }
            }
        },
        {
            "from": [7, 10, -2],
            "to": [9, 12, 0],
            "faces": {
                "north": { "uv": [6.4, 4, 7.12, 4.72], "texture": "#0" },
                "east": { "uv": [6.4, 4, 7.12, 4.72], "texture": "#0" },
                "south": { "uv": [6.4, 4, 7.12, 4.72], "texture": "#0" },
                "west": { "uv": [6.4, 4, 7.12, 4.72], "texture": "#0" },
                "up": { "uv": [6.4, 4, 7.12, 4.72], "texture": "#0" },
                "down": { "uv": [6.4, 4, 7.12, 4.72], "texture": "#0" }
            }
        },
        {
            "from": [7, 12, 4],
            "to": [9, 14, 6],
            "faces": {
                "north": { "uv": [8.88, 3.2, 9.36, 3.76], "texture": "#0" },
                "east": { "uv": [8.88, 3.2, 9.36, 3.76], "texture": "#0" },
                "south": { "uv": [8.88, 3.2, 9.36, 3.76], "texture": "#0" },
                "west": { "uv": [8.88, 3.2, 9.36, 3.76], "texture": "#0" },
                "up": { "uv": [8.88, 3.2, 9.36, 3.76], "texture": "#0" },
                "down": { "uv": [8.88, 3.2, 9.36, 3.76], "texture": "#0" }
            }
        }
    ],
    "display": {
        "thirdperson_righthand": {
            "rotation": [-40, 0, 0],
            "translation": [0, 7.25, 2],
            "scale": [0.4, 0.4, 0.4]
        },
        "thirdperson_lefthand": {
            "rotation": [-40, 0, 0],
            "translation": [0, 7.25, 2],
            "scale": [0.4, 0.4, 0.4]
        },
        "firstperson_righthand": {
            "rotation": [-40, 0, 0],
            "translation": [0, 7.25, 2],
            "scale": [0.4, 0.4, 0.4]
        },
        "firstperson_lefthand": {
            "rotation": [-40, 0, 0],
            "translation": [0, 7.25, 2],
            "scale": [0.4, 0.4, 0.4]
        },
        "ground": {
            "translation": [0, 7.25, 2],
            "scale": [0.4, 0.4, 0.4]
        },
        "gui": {
            "rotation": [0, 90, 0],
            "translation": [3.75, 3.25, 0],
            "scale": [0.4, 0.4, 0.4]
        },
        "head": {
            "rotation": [-45, 0, 0],
            "translation": [0, 7.25, -0.25],
            "scale": [0.4, 0.4, 0.4]
        },
        "fixed": {
            "rotation": [0, -90, 0],
            "translation": [-3.75, 3.5, -1],
            "scale": [0.4, 0.4, 0.4]
        }
    }
}