{
	"credit": "Made with Blockbench",
	"textures": {
		"0": "item/fire_sword",
		"particle": "item/fire_sword"
	},
	"elements": [
		{
			"from": [7, 0, 0],
			"to": [8, 1, 1],
			"faces": {
				"north": {"uv": [0.25, 15.275, 0.75, 15.75], "rotation": 90, "texture": "#0"},
				"east": {"uv": [0.25, 15.275, 0.75, 15.75], "rotation": 270, "texture": "#0"},
				"south": {"uv": [0.25, 15.275, 0.75, 15.75], "rotation": 270, "texture": "#0"},
				"west": {"uv": [0.25, 15.275, 0.75, 15.75], "rotation": 270, "texture": "#0"},
				"up": {"uv": [0.25, 15.275, 0.75, 15.75], "rotation": 270, "texture": "#0"},
				"down": {"uv": [0.25, 15.275, 0.75, 15.75], "rotation": 270, "texture": "#0"}
			}
		},
		{
			"from": [7, 2, 0],
			"to": [8, 3, 1],
			"faces": {
				"north": {"uv": [0.25, 13.25, 0.75, 13.875], "rotation": 90, "texture": "#0"},
				"east": {"uv": [0.25, 13.25, 0.75, 13.875], "rotation": 270, "texture": "#0"},
				"south": {"uv": [0.25, 13.25, 0.75, 13.875], "rotation": 270, "texture": "#0"},
				"west": {"uv": [0.25, 13.25, 0.75, 13.875], "rotation": 270, "texture": "#0"},
				"up": {"uv": [0.25, 13.25, 0.75, 13.875], "rotation": 270, "texture": "#0"},
				"down": {"uv": [0.25, 13.25, 0.75, 13.875], "rotation": 270, "texture": "#0"}
			}
		},
		{
			"from": [7, 2, 1],
			"to": [8, 3, 2],
			"faces": {
				"north": {"uv": [0.25, 13.25, 0.75, 13.875], "rotation": 90, "texture": "#0"},
				"east": {"uv": [0.25, 13.25, 0.75, 13.875], "rotation": 270, "texture": "#0"},
				"south": {"uv": [0.25, 13.25, 0.75, 13.875], "rotation": 270, "texture": "#0"},
				"west": {"uv": [0.25, 13.25, 0.75, 13.875], "rotation": 270, "texture": "#0"},
				"up": {"uv": [0.25, 13.25, 0.75, 13.875], "rotation": 270, "texture": "#0"},
				"down": {"uv": [0.25, 13.25, 0.75, 13.875], "rotation": 270, "texture": "#0"}
			}
		},
		{
			"from": [7, 2, 3],
			"to": [8, 3, 4],
			"faces": {
				"north": {"uv": [0.25, 15.25, 0.775, 15.8], "rotation": 90, "texture": "#0"},
				"east": {"uv": [0.25, 15.25, 0.775, 15.8], "rotation": 270, "texture": "#0"},
				"south": {"uv": [0.25, 15.25, 0.775, 15.8], "rotation": 270, "texture": "#0"},
				"west": {"uv": [0.25, 15.25, 0.775, 15.8], "rotation": 270, "texture": "#0"},
				"up": {"uv": [0.25, 15.25, 0.775, 15.8], "rotation": 270, "texture": "#0"},
				"down": {"uv": [0.25, 15.25, 0.775, 15.8], "rotation": 270, "texture": "#0"}
			}
		},
		{
			"from": [7, 1, 2],
			"to": [8, 2, 3],
			"faces": {
				"north": {"uv": [0.25, 15.25, 0.775, 15.8], "rotation": 90, "texture": "#0"},
				"east": {"uv": [0.25, 15.25, 0.775, 15.8], "rotation": 270, "texture": "#0"},
				"south": {"uv": [0.25, 15.25, 0.775, 15.8], "rotation": 270, "texture": "#0"},
				"west": {"uv": [0.25, 15.25, 0.775, 15.8], "rotation": 270, "texture": "#0"},
				"up": {"uv": [0.25, 15.25, 0.775, 15.8], "rotation": 270, "texture": "#0"},
				"down": {"uv": [0.25, 15.25, 0.775, 15.8], "rotation": 270, "texture": "#0"}
			}
		},
		{
			"from": [7.1, 1.1, 0.1],
			"to": [7.9, 1.9, 0.9],
			"faces": {
				"north": {"uv": [11.25, 3.25, 11.8, 3.8], "rotation": 90, "texture": "#0"},
				"east": {"uv": [11.25, 3.25, 11.8, 3.8], "rotation": 270, "texture": "#0"},
				"south": {"uv": [11.25, 3.25, 11.8, 3.8], "rotation": 270, "texture": "#0"},
				"west": {"uv": [11.25, 3.25, 11.8, 3.8], "rotation": 270, "texture": "#0"},
				"up": {"uv": [11.25, 3.25, 11.8, 3.8], "rotation": 270, "texture": "#0"},
				"down": {"uv": [11.25, 3.25, 11.8, 3.8], "rotation": 270, "texture": "#0"}
			}
		},
		{
			"from": [7, 0, 1],
			"to": [8, 1, 2],
			"faces": {
				"north": {"uv": [0.25, 15.25, 0.775, 15.8], "rotation": 90, "texture": "#0"},
				"east": {"uv": [0.25, 15.25, 0.775, 15.8], "rotation": 270, "texture": "#0"},
				"south": {"uv": [0.25, 15.25, 0.775, 15.8], "rotation": 270, "texture": "#0"},
				"west": {"uv": [0.25, 15.25, 0.775, 15.8], "rotation": 270, "texture": "#0"},
				"up": {"uv": [0.25, 15.25, 0.775, 15.8], "rotation": 270, "texture": "#0"},
				"down": {"uv": [0.25, 15.25, 0.775, 15.8], "rotation": 270, "texture": "#0"}
			}
		},
		{
			"from": [7, 3, 2],
			"to": [8, 4, 3],
			"faces": {
				"north": {"uv": [2.25, 12.25, 2.575, 12.65], "rotation": 90, "texture": "#0"},
				"east": {"uv": [2.25, 12.25, 2.575, 12.65], "rotation": 270, "texture": "#0"},
				"south": {"uv": [2.25, 12.25, 2.575, 12.65], "rotation": 270, "texture": "#0"},
				"west": {"uv": [2.25, 12.25, 2.575, 12.65], "rotation": 270, "texture": "#0"},
				"up": {"uv": [2.25, 12.25, 2.575, 12.65], "rotation": 270, "texture": "#0"},
				"down": {"uv": [2.25, 12.25, 2.575, 12.65], "rotation": 270, "texture": "#0"}
			}
		},
		{
			"from": [7, 4, 3],
			"to": [8, 5, 4],
			"faces": {
				"north": {"uv": [2.25, 12.25, 2.575, 12.65], "rotation": 90, "texture": "#0"},
				"east": {"uv": [2.25, 12.25, 2.575, 12.65], "rotation": 270, "texture": "#0"},
				"south": {"uv": [2.25, 12.25, 2.575, 12.65], "rotation": 270, "texture": "#0"},
				"west": {"uv": [2.25, 12.25, 2.575, 12.65], "rotation": 270, "texture": "#0"},
				"up": {"uv": [2.25, 12.25, 2.575, 12.65], "rotation": 270, "texture": "#0"},
				"down": {"uv": [2.25, 12.25, 2.575, 12.65], "rotation": 270, "texture": "#0"}
			}
		},
		{
			"from": [7, 6, 3],
			"to": [8, 7, 4],
			"faces": {
				"north": {"uv": [3.25, 8.5, 3.675, 9.15], "rotation": 90, "texture": "#0"},
				"east": {"uv": [3.25, 8.5, 3.675, 9.15], "rotation": 270, "texture": "#0"},
				"south": {"uv": [3.25, 8.5, 3.675, 9.15], "rotation": 270, "texture": "#0"},
				"west": {"uv": [3.25, 8.5, 3.675, 9.15], "rotation": 270, "texture": "#0"},
				"up": {"uv": [3.25, 8.5, 3.675, 9.15], "rotation": 270, "texture": "#0"},
				"down": {"uv": [3.25, 8.5, 3.675, 9.15], "rotation": 270, "texture": "#0"}
			}
		},
		{
			"from": [7, 8, 2],
			"to": [8, 9, 3],
			"faces": {
				"north": {"uv": [2.9, 6.35, 3.425, 6.8], "rotation": 90, "texture": "#0"},
				"east": {"uv": [2.9, 6.35, 3.425, 6.8], "rotation": 270, "texture": "#0"},
				"south": {"uv": [2.9, 6.35, 3.425, 6.8], "rotation": 270, "texture": "#0"},
				"west": {"uv": [2.9, 6.35, 3.425, 6.8], "rotation": 270, "texture": "#0"},
				"up": {"uv": [2.9, 6.35, 3.425, 6.8], "rotation": 270, "texture": "#0"},
				"down": {"uv": [2.9, 6.35, 3.425, 6.8], "rotation": 270, "texture": "#0"}
			}
		},
		{
			"from": [7, 4, 4],
			"to": [8, 5, 5],
			"faces": {
				"north": {"uv": [4.5, 11.5, 4.825, 11.825], "rotation": 90, "texture": "#0"},
				"east": {"uv": [4.5, 11.5, 4.825, 11.825], "rotation": 270, "texture": "#0"},
				"south": {"uv": [4.5, 11.5, 4.825, 11.825], "rotation": 270, "texture": "#0"},
				"west": {"uv": [4.5, 11.5, 4.825, 11.825], "rotation": 270, "texture": "#0"},
				"up": {"uv": [4.5, 11.5, 4.825, 11.825], "rotation": 270, "texture": "#0"},
				"down": {"uv": [4.5, 11.5, 4.825, 11.825], "rotation": 270, "texture": "#0"}
			}
		},
		{
			"from": [7, 4, 5],
			"to": [8, 5, 6],
			"faces": {
				"north": {"uv": [0.25, 15.25, 0.775, 15.8], "rotation": 90, "texture": "#0"},
				"east": {"uv": [0.25, 15.25, 0.775, 15.8], "rotation": 270, "texture": "#0"},
				"south": {"uv": [0.25, 15.25, 0.775, 15.8], "rotation": 270, "texture": "#0"},
				"west": {"uv": [0.25, 15.25, 0.775, 15.8], "rotation": 270, "texture": "#0"},
				"up": {"uv": [0.25, 15.25, 0.775, 15.8], "rotation": 270, "texture": "#0"},
				"down": {"uv": [0.25, 15.25, 0.775, 15.8], "rotation": 270, "texture": "#0"}
			}
		},
		{
			"from": [7, 3, 6],
			"to": [8, 4, 7],
			"faces": {
				"north": {"uv": [0.25, 15.25, 0.775, 15.8], "rotation": 90, "texture": "#0"},
				"east": {"uv": [0.25, 15.25, 0.775, 15.8], "rotation": 270, "texture": "#0"},
				"south": {"uv": [0.25, 15.25, 0.775, 15.8], "rotation": 270, "texture": "#0"},
				"west": {"uv": [0.25, 15.25, 0.775, 15.8], "rotation": 270, "texture": "#0"},
				"up": {"uv": [0.25, 15.25, 0.775, 15.8], "rotation": 270, "texture": "#0"},
				"down": {"uv": [0.25, 15.25, 0.775, 15.8], "rotation": 270, "texture": "#0"}
			}
		},
		{
			"from": [7, 6, 4],
			"to": [8, 7, 5],
			"faces": {
				"north": {"uv": [4.25, 8.25, 4.825, 8.725], "rotation": 90, "texture": "#0"},
				"east": {"uv": [4.25, 8.25, 4.825, 8.725], "rotation": 270, "texture": "#0"},
				"south": {"uv": [4.25, 8.25, 4.825, 8.725], "rotation": 270, "texture": "#0"},
				"west": {"uv": [4.25, 8.25, 4.825, 8.725], "rotation": 270, "texture": "#0"},
				"up": {"uv": [4.25, 8.25, 4.825, 8.725], "rotation": 270, "texture": "#0"},
				"down": {"uv": [4.25, 8.25, 4.825, 8.725], "rotation": 270, "texture": "#0"}
			}
		},
		{
			"from": [7, 5, 5],
			"to": [8, 6, 6],
			"faces": {
				"north": {"uv": [4.25, 8.25, 4.825, 8.725], "rotation": 90, "texture": "#0"},
				"east": {"uv": [4.25, 8.25, 4.825, 8.725], "rotation": 270, "texture": "#0"},
				"south": {"uv": [4.25, 8.25, 4.825, 8.725], "rotation": 270, "texture": "#0"},
				"west": {"uv": [4.25, 8.25, 4.825, 8.725], "rotation": 270, "texture": "#0"},
				"up": {"uv": [4.25, 8.25, 4.825, 8.725], "rotation": 270, "texture": "#0"},
				"down": {"uv": [4.25, 8.25, 4.825, 8.725], "rotation": 270, "texture": "#0"}
			}
		},
		{
			"from": [7, 4, 6],
			"to": [8, 5, 7],
			"faces": {
				"north": {"uv": [6.25, 11.25, 6.675, 11.725], "rotation": 90, "texture": "#0"},
				"east": {"uv": [6.25, 11.25, 6.675, 11.725], "rotation": 270, "texture": "#0"},
				"south": {"uv": [6.25, 11.25, 6.675, 11.725], "rotation": 270, "texture": "#0"},
				"west": {"uv": [6.25, 11.25, 6.675, 11.725], "rotation": 270, "texture": "#0"},
				"up": {"uv": [6.25, 11.25, 6.675, 11.725], "rotation": 270, "texture": "#0"},
				"down": {"uv": [6.25, 11.25, 6.675, 11.725], "rotation": 270, "texture": "#0"}
			}
		},
		{
			"from": [7, 5, 6],
			"to": [8, 6, 7],
			"faces": {
				"north": {"uv": [6.25, 10.25, 6.775, 10.7], "rotation": 90, "texture": "#0"},
				"east": {"uv": [6.25, 10.25, 6.775, 10.7], "rotation": 270, "texture": "#0"},
				"south": {"uv": [6.25, 10.25, 6.775, 10.7], "rotation": 270, "texture": "#0"},
				"west": {"uv": [6.25, 10.25, 6.775, 10.7], "rotation": 270, "texture": "#0"},
				"up": {"uv": [6.25, 10.25, 6.775, 10.7], "rotation": 270, "texture": "#0"},
				"down": {"uv": [6.25, 10.25, 6.775, 10.7], "rotation": 270, "texture": "#0"}
			}
		},
		{
			"from": [7, 4, 7],
			"to": [8, 5, 8],
			"faces": {
				"north": {"uv": [7.25, 11, 7.675, 11.5], "rotation": 90, "texture": "#0"},
				"east": {"uv": [7.25, 11, 7.675, 11.5], "rotation": 270, "texture": "#0"},
				"south": {"uv": [7.25, 11, 7.675, 11.5], "rotation": 270, "texture": "#0"},
				"west": {"uv": [7.25, 11, 7.675, 11.5], "rotation": 270, "texture": "#0"},
				"up": {"uv": [7.25, 11, 7.675, 11.5], "rotation": 270, "texture": "#0"},
				"down": {"uv": [7.25, 11, 7.675, 11.5], "rotation": 270, "texture": "#0"}
			}
		},
		{
			"from": [7, 3, 8],
			"to": [8, 4, 9],
			"faces": {
				"north": {"uv": [8.25, 12.25, 8.8, 12.8], "rotation": 90, "texture": "#0"},
				"east": {"uv": [8.25, 12.25, 8.8, 12.8], "rotation": 270, "texture": "#0"},
				"south": {"uv": [8.25, 12.25, 8.8, 12.8], "rotation": 270, "texture": "#0"},
				"west": {"uv": [8.25, 12.25, 8.8, 12.8], "rotation": 270, "texture": "#0"},
				"up": {"uv": [8.25, 12.25, 8.8, 12.8], "rotation": 270, "texture": "#0"},
				"down": {"uv": [8.25, 12.25, 8.8, 12.8], "rotation": 270, "texture": "#0"}
			}
		},
		{
			"from": [7, 3, 7],
			"to": [8, 4, 8],
			"faces": {
				"north": {"uv": [0.25, 15.25, 0.775, 15.8], "rotation": 90, "texture": "#0"},
				"east": {"uv": [0.25, 15.25, 0.775, 15.8], "rotation": 270, "texture": "#0"},
				"south": {"uv": [0.25, 15.25, 0.775, 15.8], "rotation": 270, "texture": "#0"},
				"west": {"uv": [0.25, 15.25, 0.775, 15.8], "rotation": 270, "texture": "#0"},
				"up": {"uv": [0.25, 15.25, 0.775, 15.8], "rotation": 270, "texture": "#0"},
				"down": {"uv": [0.25, 15.25, 0.775, 15.8], "rotation": 270, "texture": "#0"}
			}
		},
		{
			"from": [7, 2, 8],
			"to": [8, 3, 9],
			"faces": {
				"north": {"uv": [0.25, 15.25, 0.775, 15.8], "rotation": 90, "texture": "#0"},
				"east": {"uv": [0.25, 15.25, 0.775, 15.8], "rotation": 270, "texture": "#0"},
				"south": {"uv": [0.25, 15.25, 0.775, 15.8], "rotation": 270, "texture": "#0"},
				"west": {"uv": [0.25, 15.25, 0.775, 15.8], "rotation": 270, "texture": "#0"},
				"up": {"uv": [0.25, 15.25, 0.775, 15.8], "rotation": 270, "texture": "#0"},
				"down": {"uv": [0.25, 15.25, 0.775, 15.8], "rotation": 270, "texture": "#0"}
			}
		},
		{
			"from": [7, 2, 9],
			"to": [8, 3, 10],
			"faces": {
				"north": {"uv": [9, 13.25, 9.425, 13.675], "rotation": 90, "texture": "#0"},
				"east": {"uv": [9, 13.25, 9.425, 13.675], "rotation": 270, "texture": "#0"},
				"south": {"uv": [9, 13.25, 9.425, 13.675], "rotation": 270, "texture": "#0"},
				"west": {"uv": [9, 13.25, 9.425, 13.675], "rotation": 270, "texture": "#0"},
				"up": {"uv": [9, 13.25, 9.425, 13.675], "rotation": 270, "texture": "#0"},
				"down": {"uv": [9, 13.25, 9.425, 13.675], "rotation": 270, "texture": "#0"}
			}
		},
		{
			"from": [7, 3, 9],
			"to": [8, 4, 10],
			"faces": {
				"north": {"uv": [0.25, 15.25, 0.775, 15.8], "rotation": 90, "texture": "#0"},
				"east": {"uv": [0.25, 15.25, 0.775, 15.8], "rotation": 270, "texture": "#0"},
				"south": {"uv": [0.25, 15.25, 0.775, 15.8], "rotation": 270, "texture": "#0"},
				"west": {"uv": [0.25, 15.25, 0.775, 15.8], "rotation": 270, "texture": "#0"},
				"up": {"uv": [0.25, 15.25, 0.775, 15.8], "rotation": 270, "texture": "#0"},
				"down": {"uv": [0.25, 15.25, 0.775, 15.8], "rotation": 270, "texture": "#0"}
			}
		},
		{
			"from": [7, 6, 8],
			"to": [8, 7, 9],
			"faces": {
				"north": {"uv": [0.25, 15.25, 0.775, 15.8], "rotation": 90, "texture": "#0"},
				"east": {"uv": [0.25, 15.25, 0.775, 15.8], "rotation": 270, "texture": "#0"},
				"south": {"uv": [0.25, 15.25, 0.775, 15.8], "rotation": 270, "texture": "#0"},
				"west": {"uv": [0.25, 15.25, 0.775, 15.8], "rotation": 270, "texture": "#0"},
				"up": {"uv": [0.25, 15.25, 0.775, 15.8], "rotation": 270, "texture": "#0"},
				"down": {"uv": [0.25, 15.25, 0.775, 15.8], "rotation": 270, "texture": "#0"}
			}
		},
		{
			"from": [7, 5, 7],
			"to": [8, 6, 8],
			"faces": {
				"north": {"uv": [0.25, 15.25, 0.775, 15.8], "rotation": 90, "texture": "#0"},
				"east": {"uv": [0.25, 15.25, 0.775, 15.8], "rotation": 270, "texture": "#0"},
				"south": {"uv": [0.25, 15.25, 0.775, 15.8], "rotation": 270, "texture": "#0"},
				"west": {"uv": [0.25, 15.25, 0.775, 15.8], "rotation": 270, "texture": "#0"},
				"up": {"uv": [0.25, 15.25, 0.775, 15.8], "rotation": 270, "texture": "#0"},
				"down": {"uv": [0.25, 15.25, 0.775, 15.8], "rotation": 270, "texture": "#0"}
			}
		},
		{
			"from": [7, 7, 9],
			"to": [8, 8, 10],
			"faces": {
				"north": {"uv": [0.25, 15.25, 0.775, 15.8], "rotation": 90, "texture": "#0"},
				"east": {"uv": [0.25, 15.25, 0.775, 15.8], "rotation": 270, "texture": "#0"},
				"south": {"uv": [0.25, 15.25, 0.775, 15.8], "rotation": 270, "texture": "#0"},
				"west": {"uv": [0.25, 15.25, 0.775, 15.8], "rotation": 270, "texture": "#0"},
				"up": {"uv": [0.25, 15.25, 0.775, 15.8], "rotation": 270, "texture": "#0"},
				"down": {"uv": [0.25, 15.25, 0.775, 15.8], "rotation": 270, "texture": "#0"}
			}
		},
		{
			"from": [7, 8, 10],
			"to": [8, 9, 11],
			"faces": {
				"north": {"uv": [0.25, 15.25, 0.775, 15.8], "rotation": 90, "texture": "#0"},
				"east": {"uv": [0.25, 15.25, 0.775, 15.8], "rotation": 270, "texture": "#0"},
				"south": {"uv": [0.25, 15.25, 0.775, 15.8], "rotation": 270, "texture": "#0"},
				"west": {"uv": [0.25, 15.25, 0.775, 15.8], "rotation": 270, "texture": "#0"},
				"up": {"uv": [0.25, 15.25, 0.775, 15.8], "rotation": 270, "texture": "#0"},
				"down": {"uv": [0.25, 15.25, 0.775, 15.8], "rotation": 270, "texture": "#0"}
			}
		},
		{
			"from": [7, 9, 11],
			"to": [8, 10, 12],
			"faces": {
				"north": {"uv": [0.25, 15.25, 0.775, 15.8], "rotation": 90, "texture": "#0"},
				"east": {"uv": [0.25, 15.25, 0.775, 15.8], "rotation": 270, "texture": "#0"},
				"south": {"uv": [0.25, 15.25, 0.775, 15.8], "rotation": 270, "texture": "#0"},
				"west": {"uv": [0.25, 15.25, 0.775, 15.8], "rotation": 270, "texture": "#0"},
				"up": {"uv": [0.25, 15.25, 0.775, 15.8], "rotation": 270, "texture": "#0"},
				"down": {"uv": [0.25, 15.25, 0.775, 15.8], "rotation": 270, "texture": "#0"}
			}
		},
		{
			"from": [7, 10, 12],
			"to": [8, 11, 13],
			"faces": {
				"north": {"uv": [0.25, 15.25, 0.775, 15.8], "rotation": 90, "texture": "#0"},
				"east": {"uv": [0.25, 15.25, 0.775, 15.8], "rotation": 270, "texture": "#0"},
				"south": {"uv": [0.25, 15.25, 0.775, 15.8], "rotation": 270, "texture": "#0"},
				"west": {"uv": [0.25, 15.25, 0.775, 15.8], "rotation": 270, "texture": "#0"},
				"up": {"uv": [0.25, 15.25, 0.775, 15.8], "rotation": 270, "texture": "#0"},
				"down": {"uv": [0.25, 15.25, 0.775, 15.8], "rotation": 270, "texture": "#0"}
			}
		},
		{
			"from": [7, 11, 13],
			"to": [8, 12, 14],
			"faces": {
				"north": {"uv": [0.25, 15.25, 0.775, 15.8], "rotation": 90, "texture": "#0"},
				"east": {"uv": [0.25, 15.25, 0.775, 15.8], "rotation": 270, "texture": "#0"},
				"south": {"uv": [0.25, 15.25, 0.775, 15.8], "rotation": 270, "texture": "#0"},
				"west": {"uv": [0.25, 15.25, 0.775, 15.8], "rotation": 270, "texture": "#0"},
				"up": {"uv": [0.25, 15.25, 0.775, 15.8], "rotation": 270, "texture": "#0"},
				"down": {"uv": [0.25, 15.25, 0.775, 15.8], "rotation": 270, "texture": "#0"}
			}
		},
		{
			"from": [7, 12, 14],
			"to": [8, 13, 15],
			"faces": {
				"north": {"uv": [0.25, 15.25, 0.775, 15.8], "rotation": 90, "texture": "#0"},
				"east": {"uv": [0.25, 15.25, 0.775, 15.8], "rotation": 270, "texture": "#0"},
				"south": {"uv": [0.25, 15.25, 0.775, 15.8], "rotation": 270, "texture": "#0"},
				"west": {"uv": [0.25, 15.25, 0.775, 15.8], "rotation": 270, "texture": "#0"},
				"up": {"uv": [0.25, 15.25, 0.775, 15.8], "rotation": 270, "texture": "#0"},
				"down": {"uv": [0.25, 15.25, 0.775, 15.8], "rotation": 270, "texture": "#0"}
			}
		},
		{
			"from": [7, 13, 15],
			"to": [8, 14, 16],
			"faces": {
				"north": {"uv": [0.25, 15.25, 0.775, 15.8], "rotation": 90, "texture": "#0"},
				"east": {"uv": [0.25, 15.25, 0.775, 15.8], "rotation": 270, "texture": "#0"},
				"south": {"uv": [0.25, 15.25, 0.775, 15.8], "rotation": 270, "texture": "#0"},
				"west": {"uv": [0.25, 15.25, 0.775, 15.8], "rotation": 270, "texture": "#0"},
				"up": {"uv": [0.25, 15.25, 0.775, 15.8], "rotation": 270, "texture": "#0"},
				"down": {"uv": [0.25, 15.25, 0.775, 15.8], "rotation": 270, "texture": "#0"}
			}
		},
		{
			"from": [7, 13, 14],
			"to": [8, 14, 15],
			"faces": {
				"north": {"uv": [11.25, 3.25, 12, 4], "rotation": 90, "texture": "#0"},
				"east": {"uv": [11.25, 3.25, 12, 4], "rotation": 270, "texture": "#0"},
				"south": {"uv": [11.25, 3.25, 12, 4], "rotation": 270, "texture": "#0"},
				"west": {"uv": [11.25, 3.25, 12, 4], "rotation": 270, "texture": "#0"},
				"up": {"uv": [11.25, 3.25, 12, 4], "rotation": 270, "texture": "#0"},
				"down": {"uv": [11.25, 3.25, 12, 4], "rotation": 270, "texture": "#0"}
			}
		},
		{
			"from": [7, 12, 13],
			"to": [8, 13, 14],
			"faces": {
				"north": {"uv": [11.25, 3.25, 12, 4], "rotation": 90, "texture": "#0"},
				"east": {"uv": [11.25, 3.25, 12, 4], "rotation": 270, "texture": "#0"},
				"south": {"uv": [11.25, 3.25, 12, 4], "rotation": 270, "texture": "#0"},
				"west": {"uv": [11.25, 3.25, 12, 4], "rotation": 270, "texture": "#0"},
				"up": {"uv": [11.25, 3.25, 12, 4], "rotation": 270, "texture": "#0"},
				"down": {"uv": [11.25, 3.25, 12, 4], "rotation": 270, "texture": "#0"}
			}
		},
		{
			"from": [7, 9, 10],
			"to": [8, 10, 11],
			"faces": {
				"north": {"uv": [10.35, 6.2, 10.8, 6.7], "rotation": 90, "texture": "#0"},
				"east": {"uv": [10.35, 6.2, 10.8, 6.7], "rotation": 270, "texture": "#0"},
				"south": {"uv": [10.35, 6.2, 10.8, 6.7], "rotation": 270, "texture": "#0"},
				"west": {"uv": [10.35, 6.2, 10.8, 6.7], "rotation": 270, "texture": "#0"},
				"up": {"uv": [10.35, 6.2, 10.8, 6.7], "rotation": 270, "texture": "#0"},
				"down": {"uv": [10.35, 6.2, 10.8, 6.7], "rotation": 270, "texture": "#0"}
			}
		},
		{
			"from": [7, 8, 9],
			"to": [8, 9, 10],
			"faces": {
				"north": {"uv": [9.325, 7.225, 9.8, 7.7], "rotation": 90, "texture": "#0"},
				"east": {"uv": [9.325, 7.225, 9.8, 7.7], "rotation": 270, "texture": "#0"},
				"south": {"uv": [9.325, 7.225, 9.8, 7.7], "rotation": 270, "texture": "#0"},
				"west": {"uv": [9.325, 7.225, 9.8, 7.7], "rotation": 270, "texture": "#0"},
				"up": {"uv": [9.325, 7.225, 9.8, 7.7], "rotation": 270, "texture": "#0"},
				"down": {"uv": [9.325, 7.225, 9.8, 7.7], "rotation": 270, "texture": "#0"}
			}
		},
		{
			"from": [7, 6, 7],
			"to": [8, 7, 8],
			"faces": {
				"north": {"uv": [7.25, 9.25, 7.8, 9.75], "rotation": 90, "texture": "#0"},
				"east": {"uv": [7.25, 9.25, 7.8, 9.75], "rotation": 270, "texture": "#0"},
				"south": {"uv": [7.25, 9.25, 7.8, 9.75], "rotation": 270, "texture": "#0"},
				"west": {"uv": [7.25, 9.25, 7.8, 9.75], "rotation": 270, "texture": "#0"},
				"up": {"uv": [7.25, 9.25, 7.8, 9.75], "rotation": 270, "texture": "#0"},
				"down": {"uv": [7.25, 9.25, 7.8, 9.75], "rotation": 270, "texture": "#0"}
			}
		},
		{
			"from": [7, 13, 13],
			"to": [8, 14, 14],
			"faces": {
				"north": {"uv": [13.275, 2.35, 13.675, 2.675], "rotation": 90, "texture": "#0"},
				"east": {"uv": [13.275, 2.35, 13.675, 2.675], "rotation": 270, "texture": "#0"},
				"south": {"uv": [13.275, 2.35, 13.675, 2.675], "rotation": 270, "texture": "#0"},
				"west": {"uv": [13.275, 2.35, 13.675, 2.675], "rotation": 270, "texture": "#0"},
				"up": {"uv": [13.275, 2.35, 13.675, 2.675], "rotation": 270, "texture": "#0"},
				"down": {"uv": [13.275, 2.35, 13.675, 2.675], "rotation": 270, "texture": "#0"}
			}
		},
		{
			"from": [7, 12, 12],
			"to": [8, 13, 13],
			"faces": {
				"north": {"uv": [12.275, 3.3, 12.65, 3.525], "rotation": 90, "texture": "#0"},
				"east": {"uv": [12.275, 3.3, 12.65, 3.525], "rotation": 270, "texture": "#0"},
				"south": {"uv": [12.275, 3.3, 12.65, 3.525], "rotation": 270, "texture": "#0"},
				"west": {"uv": [12.275, 3.3, 12.65, 3.525], "rotation": 270, "texture": "#0"},
				"up": {"uv": [12.275, 3.3, 12.65, 3.525], "rotation": 270, "texture": "#0"},
				"down": {"uv": [12.275, 3.3, 12.65, 3.525], "rotation": 270, "texture": "#0"}
			}
		},
		{
			"from": [7, 11, 11],
			"to": [8, 12, 12],
			"faces": {
				"north": {"uv": [11.35, 4.275, 11.85, 4.675], "rotation": 90, "texture": "#0"},
				"east": {"uv": [11.35, 4.275, 11.85, 4.675], "rotation": 270, "texture": "#0"},
				"south": {"uv": [11.35, 4.275, 11.85, 4.675], "rotation": 270, "texture": "#0"},
				"west": {"uv": [11.35, 4.275, 11.85, 4.675], "rotation": 270, "texture": "#0"},
				"up": {"uv": [11.35, 4.275, 11.85, 4.675], "rotation": 270, "texture": "#0"},
				"down": {"uv": [11.35, 4.275, 11.85, 4.675], "rotation": 270, "texture": "#0"}
			}
		},
		{
			"from": [7, 9, 9],
			"to": [8, 10, 10],
			"faces": {
				"north": {"uv": [9.2, 6.275, 9.75, 6.8], "rotation": 90, "texture": "#0"},
				"east": {"uv": [9.2, 6.275, 9.75, 6.8], "rotation": 270, "texture": "#0"},
				"south": {"uv": [9.2, 6.275, 9.75, 6.8], "rotation": 270, "texture": "#0"},
				"west": {"uv": [9.2, 6.275, 9.75, 6.8], "rotation": 270, "texture": "#0"},
				"up": {"uv": [9.2, 6.275, 9.75, 6.8], "rotation": 270, "texture": "#0"},
				"down": {"uv": [9.2, 6.275, 9.75, 6.8], "rotation": 270, "texture": "#0"}
			}
		},
		{
			"from": [7, 8, 8],
			"to": [8, 9, 9],
			"faces": {
				"north": {"uv": [8.275, 7.325, 8.825, 7.825], "rotation": 90, "texture": "#0"},
				"east": {"uv": [8.275, 7.325, 8.825, 7.825], "rotation": 270, "texture": "#0"},
				"south": {"uv": [8.275, 7.325, 8.825, 7.825], "rotation": 270, "texture": "#0"},
				"west": {"uv": [8.275, 7.325, 8.825, 7.825], "rotation": 270, "texture": "#0"},
				"up": {"uv": [8.275, 7.325, 8.825, 7.825], "rotation": 270, "texture": "#0"},
				"down": {"uv": [8.275, 7.325, 8.825, 7.825], "rotation": 270, "texture": "#0"}
			}
		},
		{
			"from": [7, 15, 14],
			"to": [8, 16, 15],
			"faces": {
				"north": {"uv": [14.4, 0.45, 14.7, 0.75], "rotation": 90, "texture": "#0"},
				"east": {"uv": [14.4, 0.45, 14.7, 0.75], "rotation": 270, "texture": "#0"},
				"south": {"uv": [14.4, 0.45, 14.7, 0.75], "rotation": 270, "texture": "#0"},
				"west": {"uv": [14.4, 0.45, 14.7, 0.75], "rotation": 270, "texture": "#0"},
				"up": {"uv": [14.4, 0.45, 14.7, 0.75], "rotation": 270, "texture": "#0"},
				"down": {"uv": [14.4, 0.45, 14.7, 0.75], "rotation": 270, "texture": "#0"}
			}
		},
		{
			"from": [7, 14, 15],
			"to": [8, 15, 16],
			"faces": {
				"north": {"uv": [0.25, 15.25, 0.775, 15.8], "rotation": 90, "texture": "#0"},
				"east": {"uv": [0.25, 15.25, 0.775, 15.8], "rotation": 270, "texture": "#0"},
				"south": {"uv": [0.25, 15.25, 0.775, 15.8], "rotation": 270, "texture": "#0"},
				"west": {"uv": [0.25, 15.25, 0.775, 15.8], "rotation": 270, "texture": "#0"},
				"up": {"uv": [0.25, 15.25, 0.775, 15.8], "rotation": 270, "texture": "#0"},
				"down": {"uv": [0.25, 15.25, 0.775, 15.8], "rotation": 270, "texture": "#0"}
			}
		},
		{
			"from": [7, 13, 12],
			"to": [8, 14, 13],
			"faces": {
				"north": {"uv": [11.25, 3.25, 12, 4], "rotation": 90, "texture": "#0"},
				"east": {"uv": [11.25, 3.25, 12, 4], "rotation": 270, "texture": "#0"},
				"south": {"uv": [11.25, 3.25, 12, 4], "rotation": 270, "texture": "#0"},
				"west": {"uv": [11.25, 3.25, 12, 4], "rotation": 270, "texture": "#0"},
				"up": {"uv": [11.25, 3.25, 12, 4], "rotation": 270, "texture": "#0"},
				"down": {"uv": [11.25, 3.25, 12, 4], "rotation": 270, "texture": "#0"}
			}
		},
		{
			"from": [7, 12, 11],
			"to": [8, 13, 12],
			"faces": {
				"north": {"uv": [11.2, 3.25, 11.725, 3.675], "rotation": 90, "texture": "#0"},
				"east": {"uv": [11.2, 3.25, 11.725, 3.675], "rotation": 270, "texture": "#0"},
				"south": {"uv": [11.2, 3.25, 11.725, 3.675], "rotation": 270, "texture": "#0"},
				"west": {"uv": [11.2, 3.25, 11.725, 3.675], "rotation": 270, "texture": "#0"},
				"up": {"uv": [11.2, 3.25, 11.725, 3.675], "rotation": 270, "texture": "#0"},
				"down": {"uv": [11.2, 3.25, 11.725, 3.675], "rotation": 270, "texture": "#0"}
			}
		},
		{
			"from": [7, 11, 10],
			"to": [8, 12, 11],
			"faces": {
				"north": {"uv": [10.25, 4.175, 10.8, 4.65], "rotation": 90, "texture": "#0"},
				"east": {"uv": [10.25, 4.175, 10.8, 4.65], "rotation": 270, "texture": "#0"},
				"south": {"uv": [10.25, 4.175, 10.8, 4.65], "rotation": 270, "texture": "#0"},
				"west": {"uv": [10.25, 4.175, 10.8, 4.65], "rotation": 270, "texture": "#0"},
				"up": {"uv": [10.25, 4.175, 10.8, 4.65], "rotation": 270, "texture": "#0"},
				"down": {"uv": [10.25, 4.175, 10.8, 4.65], "rotation": 270, "texture": "#0"}
			}
		},
		{
			"from": [7, 8, 7],
			"to": [8, 9, 8],
			"faces": {
				"north": {"uv": [7.25, 7.25, 7.675, 7.675], "rotation": 90, "texture": "#0"},
				"east": {"uv": [7.25, 7.25, 7.675, 7.675], "rotation": 270, "texture": "#0"},
				"south": {"uv": [7.25, 7.25, 7.675, 7.675], "rotation": 270, "texture": "#0"},
				"west": {"uv": [7.25, 7.25, 7.675, 7.675], "rotation": 270, "texture": "#0"},
				"up": {"uv": [7.25, 7.25, 7.675, 7.675], "rotation": 270, "texture": "#0"},
				"down": {"uv": [7.25, 7.25, 7.675, 7.675], "rotation": 270, "texture": "#0"}
			}
		},
		{
			"from": [7, 7, 6],
			"to": [8, 8, 7],
			"faces": {
				"north": {"uv": [6.15, 8.275, 6.6, 8.7], "rotation": 90, "texture": "#0"},
				"east": {"uv": [6.15, 8.275, 6.6, 8.7], "rotation": 270, "texture": "#0"},
				"south": {"uv": [6.15, 8.275, 6.6, 8.7], "rotation": 270, "texture": "#0"},
				"west": {"uv": [6.15, 8.275, 6.6, 8.7], "rotation": 270, "texture": "#0"},
				"up": {"uv": [6.15, 8.275, 6.6, 8.7], "rotation": 270, "texture": "#0"},
				"down": {"uv": [6.15, 8.275, 6.6, 8.7], "rotation": 270, "texture": "#0"}
			}
		},
		{
			"from": [7, 15, 13],
			"to": [8, 16, 14],
			"faces": {
				"north": {"uv": [13.3, 0.325, 13.725, 0.775], "rotation": 90, "texture": "#0"},
				"east": {"uv": [13.3, 0.325, 13.725, 0.775], "rotation": 270, "texture": "#0"},
				"south": {"uv": [13.3, 0.325, 13.725, 0.775], "rotation": 270, "texture": "#0"},
				"west": {"uv": [13.3, 0.325, 13.725, 0.775], "rotation": 270, "texture": "#0"},
				"up": {"uv": [13.3, 0.325, 13.725, 0.775], "rotation": 270, "texture": "#0"},
				"down": {"uv": [13.3, 0.325, 13.725, 0.775], "rotation": 270, "texture": "#0"}
			}
		},
		{
			"from": [7, 13, 11],
			"to": [8, 14, 12],
			"faces": {
				"north": {"uv": [10.25, 3.325, 10.8, 3.85], "rotation": 90, "texture": "#0"},
				"east": {"uv": [10.25, 3.325, 10.8, 3.85], "rotation": 270, "texture": "#0"},
				"south": {"uv": [10.25, 3.325, 10.8, 3.85], "rotation": 270, "texture": "#0"},
				"west": {"uv": [10.25, 3.325, 10.8, 3.85], "rotation": 270, "texture": "#0"},
				"up": {"uv": [10.25, 3.325, 10.8, 3.85], "rotation": 270, "texture": "#0"},
				"down": {"uv": [10.25, 3.325, 10.8, 3.85], "rotation": 270, "texture": "#0"}
			}
		},
		{
			"from": [7, 12, 10],
			"to": [8, 13, 11],
			"faces": {
				"north": {"uv": [10.25, 3.325, 10.8, 3.85], "rotation": 90, "texture": "#0"},
				"east": {"uv": [10.25, 3.325, 10.8, 3.85], "rotation": 270, "texture": "#0"},
				"south": {"uv": [10.25, 3.325, 10.8, 3.85], "rotation": 270, "texture": "#0"},
				"west": {"uv": [10.25, 3.325, 10.8, 3.85], "rotation": 270, "texture": "#0"},
				"up": {"uv": [10.25, 3.325, 10.8, 3.85], "rotation": 270, "texture": "#0"},
				"down": {"uv": [10.25, 3.325, 10.8, 3.85], "rotation": 270, "texture": "#0"}
			}
		},
		{
			"from": [7, 11, 9],
			"to": [8, 12, 10],
			"faces": {
				"north": {"uv": [9.275, 4.1, 9.775, 4.65], "rotation": 90, "texture": "#0"},
				"east": {"uv": [9.275, 4.1, 9.775, 4.65], "rotation": 270, "texture": "#0"},
				"south": {"uv": [9.275, 4.1, 9.775, 4.65], "rotation": 270, "texture": "#0"},
				"west": {"uv": [9.275, 4.1, 9.775, 4.65], "rotation": 270, "texture": "#0"},
				"up": {"uv": [9.275, 4.1, 9.775, 4.65], "rotation": 270, "texture": "#0"},
				"down": {"uv": [9.275, 4.1, 9.775, 4.65], "rotation": 270, "texture": "#0"}
			}
		},
		{
			"from": [7, 10, 8],
			"to": [8, 11, 9],
			"faces": {
				"north": {"uv": [8.225, 5.125, 8.75, 5.675], "rotation": 90, "texture": "#0"},
				"east": {"uv": [8.225, 5.125, 8.75, 5.675], "rotation": 270, "texture": "#0"},
				"south": {"uv": [8.225, 5.125, 8.75, 5.675], "rotation": 270, "texture": "#0"},
				"west": {"uv": [8.225, 5.125, 8.75, 5.675], "rotation": 270, "texture": "#0"},
				"up": {"uv": [8.225, 5.125, 8.75, 5.675], "rotation": 270, "texture": "#0"},
				"down": {"uv": [8.225, 5.125, 8.75, 5.675], "rotation": 270, "texture": "#0"}
			}
		},
		{
			"from": [7, 8, 6],
			"to": [8, 9, 7],
			"faces": {
				"north": {"uv": [6.25, 7.2, 6.675, 7.55], "rotation": 90, "texture": "#0"},
				"east": {"uv": [6.25, 7.2, 6.675, 7.55], "rotation": 270, "texture": "#0"},
				"south": {"uv": [6.25, 7.2, 6.675, 7.55], "rotation": 270, "texture": "#0"},
				"west": {"uv": [6.25, 7.2, 6.675, 7.55], "rotation": 270, "texture": "#0"},
				"up": {"uv": [6.25, 7.2, 6.675, 7.55], "rotation": 270, "texture": "#0"},
				"down": {"uv": [6.25, 7.2, 6.675, 7.55], "rotation": 270, "texture": "#0"}
			}
		},
		{
			"from": [7, 4, 8],
			"to": [8, 5, 9],
			"faces": {
				"north": {"uv": [0.25, 15.25, 0.775, 15.8], "rotation": 90, "texture": "#0"},
				"east": {"uv": [0.25, 15.25, 0.775, 15.8], "rotation": 270, "texture": "#0"},
				"south": {"uv": [0.25, 15.25, 0.775, 15.8], "rotation": 270, "texture": "#0"},
				"west": {"uv": [0.25, 15.25, 0.775, 15.8], "rotation": 270, "texture": "#0"},
				"up": {"uv": [0.25, 15.25, 0.775, 15.8], "rotation": 270, "texture": "#0"},
				"down": {"uv": [0.25, 15.25, 0.775, 15.8], "rotation": 270, "texture": "#0"}
			}
		},
		{
			"from": [7, 7, 5],
			"to": [8, 8, 6],
			"faces": {
				"north": {"uv": [5.25, 8.25, 5.675, 8.775], "rotation": 90, "texture": "#0"},
				"east": {"uv": [5.25, 8.25, 5.675, 8.775], "rotation": 270, "texture": "#0"},
				"south": {"uv": [5.25, 8.25, 5.675, 8.775], "rotation": 270, "texture": "#0"},
				"west": {"uv": [5.25, 8.25, 5.675, 8.775], "rotation": 270, "texture": "#0"},
				"up": {"uv": [5.25, 8.25, 5.675, 8.775], "rotation": 270, "texture": "#0"},
				"down": {"uv": [5.25, 8.25, 5.675, 8.775], "rotation": 270, "texture": "#0"}
			}
		},
		{
			"from": [7, 9, 3],
			"to": [8, 10, 4],
			"faces": {
				"north": {"uv": [2.9, 6.35, 3.425, 6.8], "rotation": 90, "texture": "#0"},
				"east": {"uv": [2.9, 6.35, 3.425, 6.8], "rotation": 270, "texture": "#0"},
				"south": {"uv": [2.9, 6.35, 3.425, 6.8], "rotation": 270, "texture": "#0"},
				"west": {"uv": [2.9, 6.35, 3.425, 6.8], "rotation": 270, "texture": "#0"},
				"up": {"uv": [2.9, 6.35, 3.425, 6.8], "rotation": 270, "texture": "#0"},
				"down": {"uv": [2.9, 6.35, 3.425, 6.8], "rotation": 270, "texture": "#0"}
			}
		},
		{
			"from": [7, 8, 4],
			"to": [8, 9, 5],
			"faces": {
				"north": {"uv": [4.25, 7.25, 4.8, 7.75], "rotation": 90, "texture": "#0"},
				"east": {"uv": [4.25, 7.25, 4.8, 7.75], "rotation": 270, "texture": "#0"},
				"south": {"uv": [4.25, 7.25, 4.8, 7.75], "rotation": 270, "texture": "#0"},
				"west": {"uv": [4.25, 7.25, 4.8, 7.75], "rotation": 270, "texture": "#0"},
				"up": {"uv": [4.25, 7.25, 4.8, 7.75], "rotation": 270, "texture": "#0"},
				"down": {"uv": [4.25, 7.25, 4.8, 7.75], "rotation": 270, "texture": "#0"}
			}
		},
		{
			"from": [7, 7, 4],
			"to": [8, 8, 5],
			"faces": {
				"north": {"uv": [4.25, 8.25, 4.825, 8.725], "rotation": 90, "texture": "#0"},
				"east": {"uv": [4.25, 8.25, 4.825, 8.725], "rotation": 270, "texture": "#0"},
				"south": {"uv": [4.25, 8.25, 4.825, 8.725], "rotation": 270, "texture": "#0"},
				"west": {"uv": [4.25, 8.25, 4.825, 8.725], "rotation": 270, "texture": "#0"},
				"up": {"uv": [4.25, 8.25, 4.825, 8.725], "rotation": 270, "texture": "#0"},
				"down": {"uv": [4.25, 8.25, 4.825, 8.725], "rotation": 270, "texture": "#0"}
			}
		},
		{
			"from": [7, 7, 3],
			"to": [8, 8, 4],
			"faces": {
				"north": {"uv": [3.25, 8.5, 3.675, 9.15], "rotation": 90, "texture": "#0"},
				"east": {"uv": [3.25, 8.5, 3.675, 9.15], "rotation": 270, "texture": "#0"},
				"south": {"uv": [3.25, 8.5, 3.675, 9.15], "rotation": 270, "texture": "#0"},
				"west": {"uv": [3.25, 8.5, 3.675, 9.15], "rotation": 270, "texture": "#0"},
				"up": {"uv": [3.25, 8.5, 3.675, 9.15], "rotation": 270, "texture": "#0"},
				"down": {"uv": [3.25, 8.5, 3.675, 9.15], "rotation": 270, "texture": "#0"}
			}
		},
		{
			"from": [7, 8, 3],
			"to": [8, 9, 4],
			"faces": {
				"north": {"uv": [3.25, 7.25, 3.8, 7.775], "rotation": 90, "texture": "#0"},
				"east": {"uv": [3.25, 7.25, 3.8, 7.775], "rotation": 270, "texture": "#0"},
				"south": {"uv": [3.25, 7.25, 3.8, 7.775], "rotation": 270, "texture": "#0"},
				"west": {"uv": [3.25, 7.25, 3.8, 7.775], "rotation": 270, "texture": "#0"},
				"up": {"uv": [3.25, 7.25, 3.8, 7.775], "rotation": 270, "texture": "#0"},
				"down": {"uv": [3.25, 7.25, 3.8, 7.775], "rotation": 270, "texture": "#0"}
			}
		},
		{
			"from": [7, 9, 2],
			"to": [8, 10, 3],
			"faces": {
				"north": {"uv": [2.9, 6.35, 3.425, 6.8], "rotation": 90, "texture": "#0"},
				"east": {"uv": [2.9, 6.35, 3.425, 6.8], "rotation": 270, "texture": "#0"},
				"south": {"uv": [2.9, 6.35, 3.425, 6.8], "rotation": 270, "texture": "#0"},
				"west": {"uv": [2.9, 6.35, 3.425, 6.8], "rotation": 270, "texture": "#0"},
				"up": {"uv": [2.9, 6.35, 3.425, 6.8], "rotation": 270, "texture": "#0"},
				"down": {"uv": [2.9, 6.35, 3.425, 6.8], "rotation": 270, "texture": "#0"}
			}
		},
		{
			"from": [7, 0, 2],
			"to": [8, 1, 3],
			"faces": {
				"north": {"uv": [0.25, 15.25, 0.775, 15.8], "rotation": 90, "texture": "#0"},
				"east": {"uv": [0.25, 15.25, 0.775, 15.8], "rotation": 270, "texture": "#0"},
				"south": {"uv": [0.25, 15.25, 0.775, 15.8], "rotation": 270, "texture": "#0"},
				"west": {"uv": [0.25, 15.25, 0.775, 15.8], "rotation": 270, "texture": "#0"},
				"up": {"uv": [0.25, 15.25, 0.775, 15.8], "rotation": 270, "texture": "#0"},
				"down": {"uv": [0.25, 15.25, 0.775, 15.8], "rotation": 270, "texture": "#0"}
			}
		},
		{
			"from": [7.1, 1.1, 0.1],
			"to": [7.9, 1.9, 0.9],
			"faces": {
				"north": {"uv": [0.25, 14.175, 0.8, 14.725], "rotation": 90, "texture": "#0"},
				"east": {"uv": [0.25, 14.175, 0.8, 14.725], "rotation": 270, "texture": "#0"},
				"south": {"uv": [0.25, 14.175, 0.8, 14.725], "rotation": 270, "texture": "#0"},
				"west": {"uv": [0.25, 14.175, 0.8, 14.725], "rotation": 270, "texture": "#0"},
				"up": {"uv": [0.25, 14.175, 0.8, 14.725], "rotation": 270, "texture": "#0"},
				"down": {"uv": [0.25, 14.175, 0.8, 14.725], "rotation": 270, "texture": "#0"}
			}
		},
		{
			"from": [7.1, 1.1, 1.1],
			"to": [7.9, 1.9, 1.9],
			"faces": {
				"north": {"uv": [1.35, 14.15, 1.9, 14.7], "rotation": 90, "texture": "#0"},
				"east": {"uv": [1.35, 14.15, 1.9, 14.7], "rotation": 270, "texture": "#0"},
				"south": {"uv": [1.35, 14.15, 1.9, 14.7], "rotation": 270, "texture": "#0"},
				"west": {"uv": [1.35, 14.15, 1.9, 14.7], "rotation": 270, "texture": "#0"},
				"up": {"uv": [1.35, 14.15, 1.9, 14.7], "rotation": 270, "texture": "#0"},
				"down": {"uv": [1.35, 14.15, 1.9, 14.7], "rotation": 270, "texture": "#0"}
			}
		},
		{
			"from": [7.1, 2.1, 2.1],
			"to": [7.9, 2.9, 2.9],
			"faces": {
				"north": {"uv": [2.25, 13.1, 2.8, 13.65], "rotation": 90, "texture": "#0"},
				"east": {"uv": [2.25, 13.1, 2.8, 13.65], "rotation": 270, "texture": "#0"},
				"south": {"uv": [2.25, 13.1, 2.8, 13.65], "rotation": 270, "texture": "#0"},
				"west": {"uv": [2.25, 13.1, 2.8, 13.65], "rotation": 270, "texture": "#0"},
				"up": {"uv": [2.25, 13.1, 2.8, 13.65], "rotation": 270, "texture": "#0"},
				"down": {"uv": [2.25, 13.1, 2.8, 13.65], "rotation": 270, "texture": "#0"}
			}
		},
		{
			"from": [7.1, 3.1, 3.1],
			"to": [7.9, 3.9, 3.9],
			"faces": {
				"north": {"uv": [3.25, 12.3, 3.775, 12.825], "rotation": 90, "texture": "#0"},
				"east": {"uv": [3.25, 12.3, 3.775, 12.825], "rotation": 270, "texture": "#0"},
				"south": {"uv": [3.25, 12.3, 3.775, 12.825], "rotation": 270, "texture": "#0"},
				"west": {"uv": [3.25, 12.3, 3.775, 12.825], "rotation": 270, "texture": "#0"},
				"up": {"uv": [3.25, 12.3, 3.775, 12.825], "rotation": 270, "texture": "#0"},
				"down": {"uv": [3.25, 12.3, 3.775, 12.825], "rotation": 270, "texture": "#0"}
			}
		},
		{
			"from": [7.1, 3.1, 4.1],
			"to": [7.9, 3.9, 4.9],
			"faces": {
				"north": {"uv": [4.325, 12.25, 4.875, 12.8], "rotation": 90, "texture": "#0"},
				"east": {"uv": [4.325, 12.25, 4.875, 12.8], "rotation": 270, "texture": "#0"},
				"south": {"uv": [4.325, 12.25, 4.875, 12.8], "rotation": 270, "texture": "#0"},
				"west": {"uv": [4.325, 12.25, 4.875, 12.8], "rotation": 270, "texture": "#0"},
				"up": {"uv": [4.325, 12.25, 4.875, 12.8], "rotation": 270, "texture": "#0"},
				"down": {"uv": [4.325, 12.25, 4.875, 12.8], "rotation": 270, "texture": "#0"}
			}
		},
		{
			"from": [7.1, 5.1, 4.1],
			"to": [7.9, 5.9, 4.9],
			"faces": {
				"north": {"uv": [4.325, 10.275, 4.875, 10.825], "rotation": 90, "texture": "#0"},
				"east": {"uv": [4.325, 10.275, 4.875, 10.825], "rotation": 270, "texture": "#0"},
				"south": {"uv": [4.325, 10.275, 4.875, 10.825], "rotation": 270, "texture": "#0"},
				"west": {"uv": [4.325, 10.275, 4.875, 10.825], "rotation": 270, "texture": "#0"},
				"up": {"uv": [4.325, 10.275, 4.875, 10.825], "rotation": 270, "texture": "#0"},
				"down": {"uv": [4.325, 10.275, 4.875, 10.825], "rotation": 270, "texture": "#0"}
			}
		},
		{
			"from": [7.1, 6.1, 5.1],
			"to": [7.9, 6.9, 5.9],
			"faces": {
				"north": {"uv": [5.15, 9.25, 5.7, 9.8], "rotation": 90, "texture": "#0"},
				"east": {"uv": [5.15, 9.25, 5.7, 9.8], "rotation": 270, "texture": "#0"},
				"south": {"uv": [5.15, 9.25, 5.7, 9.8], "rotation": 270, "texture": "#0"},
				"west": {"uv": [5.15, 9.25, 5.7, 9.8], "rotation": 270, "texture": "#0"},
				"up": {"uv": [5.15, 9.25, 5.7, 9.8], "rotation": 270, "texture": "#0"},
				"down": {"uv": [5.15, 9.25, 5.7, 9.8], "rotation": 270, "texture": "#0"}
			}
		},
		{
			"from": [7.1, 6.1, 6.1],
			"to": [7.9, 6.9, 6.9],
			"faces": {
				"north": {"uv": [6.275, 9.325, 6.825, 9.875], "rotation": 90, "texture": "#0"},
				"east": {"uv": [6.275, 9.325, 6.825, 9.875], "rotation": 270, "texture": "#0"},
				"south": {"uv": [6.275, 9.325, 6.825, 9.875], "rotation": 270, "texture": "#0"},
				"west": {"uv": [6.275, 9.325, 6.825, 9.875], "rotation": 270, "texture": "#0"},
				"up": {"uv": [6.275, 9.325, 6.825, 9.875], "rotation": 270, "texture": "#0"},
				"down": {"uv": [6.275, 9.325, 6.825, 9.875], "rotation": 270, "texture": "#0"}
			}
		},
		{
			"from": [7.1, 7.1, 7.1],
			"to": [7.9, 7.9, 7.9],
			"faces": {
				"north": {"uv": [7.3, 8.225, 7.85, 8.775], "rotation": 90, "texture": "#0"},
				"east": {"uv": [7.3, 8.225, 7.85, 8.775], "rotation": 270, "texture": "#0"},
				"south": {"uv": [7.3, 8.225, 7.85, 8.775], "rotation": 270, "texture": "#0"},
				"west": {"uv": [7.3, 8.225, 7.85, 8.775], "rotation": 270, "texture": "#0"},
				"up": {"uv": [7.3, 8.225, 7.85, 8.775], "rotation": 270, "texture": "#0"},
				"down": {"uv": [7.3, 8.225, 7.85, 8.775], "rotation": 270, "texture": "#0"}
			}
		},
		{
			"from": [7.1, 7.1, 8.1],
			"to": [7.9, 7.9, 8.9],
			"faces": {
				"north": {"uv": [8.25, 8.25, 8.8, 8.8], "rotation": 90, "texture": "#0"},
				"east": {"uv": [8.25, 8.25, 8.8, 8.8], "rotation": 270, "texture": "#0"},
				"south": {"uv": [8.25, 8.25, 8.8, 8.8], "rotation": 270, "texture": "#0"},
				"west": {"uv": [8.25, 8.25, 8.8, 8.8], "rotation": 270, "texture": "#0"},
				"up": {"uv": [8.25, 8.25, 8.8, 8.8], "rotation": 270, "texture": "#0"},
				"down": {"uv": [8.25, 8.25, 8.8, 8.8], "rotation": 270, "texture": "#0"}
			}
		},
		{
			"from": [7.1, 9.1, 7.1],
			"to": [7.9, 9.9, 7.9],
			"faces": {
				"north": {"uv": [7.175, 6.15, 7.725, 6.7], "rotation": 90, "texture": "#0"},
				"east": {"uv": [7.175, 6.15, 7.725, 6.7], "rotation": 270, "texture": "#0"},
				"south": {"uv": [7.175, 6.15, 7.725, 6.7], "rotation": 270, "texture": "#0"},
				"west": {"uv": [7.175, 6.15, 7.725, 6.7], "rotation": 270, "texture": "#0"},
				"up": {"uv": [7.175, 6.15, 7.725, 6.7], "rotation": 270, "texture": "#0"},
				"down": {"uv": [7.175, 6.15, 7.725, 6.7], "rotation": 270, "texture": "#0"}
			}
		},
		{
			"from": [7.1, 9.1, 8.1],
			"to": [7.9, 9.9, 8.9],
			"faces": {
				"north": {"uv": [8.225, 6.35, 8.775, 6.9], "rotation": 90, "texture": "#0"},
				"east": {"uv": [8.225, 6.35, 8.775, 6.9], "rotation": 270, "texture": "#0"},
				"south": {"uv": [8.225, 6.35, 8.775, 6.9], "rotation": 270, "texture": "#0"},
				"west": {"uv": [8.225, 6.35, 8.775, 6.9], "rotation": 270, "texture": "#0"},
				"up": {"uv": [8.225, 6.35, 8.775, 6.9], "rotation": 270, "texture": "#0"},
				"down": {"uv": [8.225, 6.35, 8.775, 6.9], "rotation": 270, "texture": "#0"}
			}
		},
		{
			"from": [7.1, 10.1, 9.1],
			"to": [7.9, 10.9, 9.9],
			"faces": {
				"north": {"uv": [9.125, 5.225, 9.675, 5.775], "rotation": 90, "texture": "#0"},
				"east": {"uv": [9.125, 5.225, 9.675, 5.775], "rotation": 270, "texture": "#0"},
				"south": {"uv": [9.125, 5.225, 9.675, 5.775], "rotation": 270, "texture": "#0"},
				"west": {"uv": [9.125, 5.225, 9.675, 5.775], "rotation": 270, "texture": "#0"},
				"up": {"uv": [9.125, 5.225, 9.675, 5.775], "rotation": 270, "texture": "#0"},
				"down": {"uv": [9.125, 5.225, 9.675, 5.775], "rotation": 270, "texture": "#0"}
			}
		},
		{
			"from": [7.1, 10.1, 10.1],
			"to": [7.9, 10.9, 10.9],
			"faces": {
				"north": {"uv": [10.25, 5.225, 10.8, 5.775], "rotation": 90, "texture": "#0"},
				"east": {"uv": [10.25, 5.225, 10.8, 5.775], "rotation": 270, "texture": "#0"},
				"south": {"uv": [10.25, 5.225, 10.8, 5.775], "rotation": 270, "texture": "#0"},
				"west": {"uv": [10.25, 5.225, 10.8, 5.775], "rotation": 270, "texture": "#0"},
				"up": {"uv": [10.25, 5.225, 10.8, 5.775], "rotation": 270, "texture": "#0"},
				"down": {"uv": [10.25, 5.225, 10.8, 5.775], "rotation": 270, "texture": "#0"}
			}
		},
		{
			"from": [7.1, 10.1, 11.1],
			"to": [7.9, 10.9, 11.9],
			"faces": {
				"north": {"uv": [11.225, 5.15, 11.775, 5.7], "rotation": 90, "texture": "#0"},
				"east": {"uv": [11.225, 5.15, 11.775, 5.7], "rotation": 270, "texture": "#0"},
				"south": {"uv": [11.225, 5.15, 11.775, 5.7], "rotation": 270, "texture": "#0"},
				"west": {"uv": [11.225, 5.15, 11.775, 5.7], "rotation": 270, "texture": "#0"},
				"up": {"uv": [11.225, 5.15, 11.775, 5.7], "rotation": 270, "texture": "#0"},
				"down": {"uv": [11.225, 5.15, 11.775, 5.7], "rotation": 270, "texture": "#0"}
			}
		},
		{
			"from": [7.1, 11.1, 12.1],
			"to": [7.9, 11.9, 12.9],
			"faces": {
				"north": {"uv": [12.2, 4.275, 12.75, 4.825], "rotation": 90, "texture": "#0"},
				"east": {"uv": [12.2, 4.275, 12.75, 4.825], "rotation": 270, "texture": "#0"},
				"south": {"uv": [12.2, 4.275, 12.75, 4.825], "rotation": 270, "texture": "#0"},
				"west": {"uv": [12.2, 4.275, 12.75, 4.825], "rotation": 270, "texture": "#0"},
				"up": {"uv": [12.2, 4.275, 12.75, 4.825], "rotation": 270, "texture": "#0"},
				"down": {"uv": [12.2, 4.275, 12.75, 4.825], "rotation": 270, "texture": "#0"}
			}
		},
		{
			"from": [7.1, 14.1, 12.1],
			"to": [7.9, 14.9, 12.9],
			"faces": {
				"north": {"uv": [12.35, 1.25, 12.9, 1.8], "rotation": 90, "texture": "#0"},
				"east": {"uv": [12.35, 1.25, 12.9, 1.8], "rotation": 270, "texture": "#0"},
				"south": {"uv": [12.35, 1.25, 12.9, 1.8], "rotation": 270, "texture": "#0"},
				"west": {"uv": [12.35, 1.25, 12.9, 1.8], "rotation": 270, "texture": "#0"},
				"up": {"uv": [12.35, 1.25, 12.9, 1.8], "rotation": 270, "texture": "#0"},
				"down": {"uv": [12.35, 1.25, 12.9, 1.8], "rotation": 270, "texture": "#0"}
			}
		},
		{
			"from": [7.1, 14.1, 13.1],
			"to": [7.9, 14.9, 13.9],
			"faces": {
				"north": {"uv": [13.2, 1.3, 13.75, 1.85], "rotation": 90, "texture": "#0"},
				"east": {"uv": [13.2, 1.3, 13.75, 1.85], "rotation": 270, "texture": "#0"},
				"south": {"uv": [13.2, 1.3, 13.75, 1.85], "rotation": 270, "texture": "#0"},
				"west": {"uv": [13.2, 1.3, 13.75, 1.85], "rotation": 270, "texture": "#0"},
				"up": {"uv": [13.2, 1.3, 13.75, 1.85], "rotation": 270, "texture": "#0"},
				"down": {"uv": [13.2, 1.3, 13.75, 1.85], "rotation": 270, "texture": "#0"}
			}
		},
		{
			"from": [7.1, 14.1, 14.1],
			"to": [7.9, 14.9, 14.9],
			"faces": {
				"north": {"uv": [14.275, 1.3, 14.825, 1.85], "rotation": 90, "texture": "#0"},
				"east": {"uv": [14.275, 1.3, 14.825, 1.85], "rotation": 270, "texture": "#0"},
				"south": {"uv": [14.275, 1.3, 14.825, 1.85], "rotation": 270, "texture": "#0"},
				"west": {"uv": [14.275, 1.3, 14.825, 1.85], "rotation": 270, "texture": "#0"},
				"up": {"uv": [14.275, 1.3, 14.825, 1.85], "rotation": 270, "texture": "#0"},
				"down": {"uv": [14.275, 1.3, 14.825, 1.85], "rotation": 270, "texture": "#0"}
			}
		},
		{
			"from": [7.1, 15.1, 15.1],
			"to": [7.9, 15.9, 15.9],
			"faces": {
				"north": {"uv": [15.175, 0.275, 15.725, 0.825], "rotation": 90, "texture": "#0"},
				"east": {"uv": [15.175, 0.275, 15.725, 0.825], "rotation": 270, "texture": "#0"},
				"south": {"uv": [15.175, 0.275, 15.725, 0.825], "rotation": 270, "texture": "#0"},
				"west": {"uv": [15.175, 0.275, 15.725, 0.825], "rotation": 270, "texture": "#0"},
				"up": {"uv": [15.175, 0.275, 15.725, 0.825], "rotation": 270, "texture": "#0"},
				"down": {"uv": [15.175, 0.275, 15.725, 0.825], "rotation": 270, "texture": "#0"}
			}
		}
	],
	"display": {
		"thirdperson_righthand": {
			"rotation": [-45, 0, 0],
			"translation": [0.5, 3.75, 2],
			"scale": [0.75, 0.75, 0.75]
		},
		"thirdperson_lefthand": {
			"rotation": [-45, 0, 0],
			"translation": [-0.5, 3.75, 2],
			"scale": [0.75, 0.75, 0.75]
		},
		"firstperson_righthand": {
			"rotation": [-25, 0, 0],
			"translation": [0, 3.75, 2],
			"scale": [0.75, 0.75, 0.75]
		},
		"firstperson_lefthand": {
			"rotation": [-30, 0, 0],
			"translation": [0, 3.75, 2],
			"scale": [0.75, 0.75, 0.75]
		},
		"ground": {
			"translation": [0, 1.25, 0],
			"scale": [0.5, 0.5, 0.5]
		},
		"gui": {
			"rotation": [180, 90, 180]
		},
		"head": {
			"rotation": [-45, 0, 0]
		},
		"fixed": {
			"rotation": [180, 90, 180],
			"translation": [0, 0, -1.25]
		}
	},
	"groups": [
		0,
		1,
		2,
		3,
		4,
		5,
		6,
		7,
		8,
		9,
		10,
		11,
		12,
		13,
		14,
		15,
		16,
		17,
		18,
		19,
		20,
		21,
		22,
		23,
		24,
		25,
		26,
		27,
		28,
		29,
		30,
		31,
		32,
		33,
		34,
		35,
		36,
		37,
		38,
		39,
		40,
		41,
		42,
		43,
		44,
		45,
		46,
		47,
		48,
		49,
		50,
		51,
		52,
		53,
		54,
		55,
		56,
		57,
		58,
		59,
		60,
		61,
		62,
		63,
		64,
		{
			"name": "Mini cubes",
			"origin": [0, 0, 0],
			"color": 0,
			"children": [65, 66, 67, 68, 69, 70, 71, 72, 73, 74, 75, 76, 77, 78, 79, 80, 81, 82, 83, 84]
		}
	]
}