        {
            "providers": [{
                    "type": "bitmap",
                    "file": "minecraft:font/crab55e_gomennnasai.png",
                    "ascent": 20,
                    "height": 25,
                    "chars": [
                        "\uE000"
                    ]
                },
                {
                    "type": "bitmap",
                    "file": "minecraft:font/crab55e_gomijan.png",
                    "ascent": 20,
                    "height": 25,
                    "chars": [
                        "\uE001"
                    ]
                },
                {
                    "type": "bitmap",
                    "file": "minecraft:font/quailstar_ultsandaisukidayo.png",
                    "ascent": 20,
                    "height": 25,
                    "chars": [
                        "\uE002"
                    ]
                },
                {
                    "type": "bitmap",
                    "file": "minecraft:font/mendako_otimasitaarigatougozaimasu.png",
                    "ascent": 20,
                    "height": 25,
                    "chars": [
                        "\uE003"
                    ]
                },
                {
                    "type": "bitmap",
                    "file": "minecraft:font/solera_asitaoyainaikarasyaberu.png",
                    "ascent": 20,
                    "height": 25,
                    "chars": [
                        "\uE004"
                    ]
                },
                {
                    "type": "bitmap",
                    "file": "minecraft:font/solera_koedasikinyouninarukamo.png",
                    "ascent": 20,
                    "height": 25,
                    "chars": [
                        "\uE005"
                    ]
                },
                {
                    "type": "bitmap",
                    "file": "minecraft:font/dakuten_syoujikinamaeittemoiikedone.png",
                    "ascent": 20,
                    "height": 25,
                    "chars": [
                        "\uE006"
                    ]
                },
                {
                    "type": "bitmap",
                    "file": "minecraft:font/ultk_dakutennomasukukaodasinieritorakaketemoii.png",
                    "ascent": 20,
                    "height": 25,
                    "chars": [
                        "\uE007"
                    ]
                },
                {
                    "type": "bitmap",
                    "file": "minecraft:font/crab55e_soleranokoibitotukuru.png",
                    "ascent": 20,
                    "height": 25,
                    "chars": [
                        "\uE008"
                    ]
                },
                {
                    "type": "bitmap",
                    "file": "minecraft:font/karlos_oregaitadakutokorodatta.png",
                    "ascent": 20,
                    "height": 25,
                    "chars": [
                        "\uE009"
                    ]
                },
                {
                    "type": "bitmap",
                    "file": "minecraft:font/quailstar_mecchagomiyan.png",
                    "ascent": 20,
                    "height": 25,
                    "chars": [
                        "\uE010"
                    ]
                },
                {
                    "type": "bitmap",
                    "file": "minecraft:font/nihon_fullmembers.png",
                    "ascent": 20,
                    "height": 25,
                    "chars": [
                        "\uE011"
                    ]
                },
                {
                    "type": "bitmap",
                    "file": "minecraft:font/butataicho_butataichouandpunisuke.png",
                    "ascent": 20,
                    "height": 25,
                    "chars": [
                        "\uE012"
                    ]
                },
                {
                    "type": "bitmap",
                    "file": "minecraft:font/punisuke_imoutonoe.png",
                    "ascent": 20,
                    "height": 25,
                    "chars": [
                        "\uE013"
                    ]
                },
                {
                    "type": "bitmap",
                    "file": "minecraft:font/punisuke_neko.png",
                    "ascent": 20,
                    "height": 25,
                    "chars": [
                        "\uE014"
                    ]
                },
                {
                    "type": "bitmap",
                    "file": "minecraft:font/nihon_tsunda.png",
                    "ascent": 20,
                    "height": 25,
                    "chars": [
                        "\uE016"
                    ]
                },
                {
                    "type": "bitmap",
                    "file": "minecraft:font/nihon_kanasii.png",
                    "ascent": 20,
                    "height": 25,
                    "chars": [
                        "\uE017"
                    ]
                },
                {
                    "type": "bitmap",
                    "file": "minecraft:font/nihon_manju.png",
                    "ascent": 20,
                    "height": 25,
                    "chars": [
                        "\uE018"
                    ]
                },
                {
                    "type": "bitmap",
                    "file": "minecraft:font/nihon_odoroki.png",
                    "ascent": 20,
                    "height": 25,
                    "chars": [
                        "\uE019"
                    ]
                },
                {
                    "type": "bitmap",
                    "file": "minecraft:font/nihon_diamond.png",
                    "ascent": 20,
                    "height": 25,
                    "chars": [
                        "\uE020"
                    ]
                },
                {
                    "type": "bitmap",
                    "file": "minecraft:font/nihon_atsuiyo_siro.png",
                    "ascent": 20,
                    "height": 25,
                    "chars": [
                        "\uE021"
                    ]
                },
                {
                    "type": "bitmap",
                    "file": "minecraft:font/nihon_atsuiyo_chairo.png",
                    "ascent": 20,
                    "height": 25,
                    "chars": [
                        "\uE022"
                    ]
                },
                {
                    "type": "bitmap",
                    "file": "minecraft:font/nihon_atsuiyo_kuro.png",
                    "ascent": 20,
                    "height": 25,
                    "chars": [
                        "\uE023"
                    ]
                }
            ]
        }